"Date(UTC)","type","Amount","Asset","Symbol","Transaction ID"
"2025-05-27 16:05:06","DEPOSIT","0.45867851","BTC",,"265231252535"
"2025-05-28 14:51:45","COMMISSION","-0.00011199","BTC","BTCUSD_PERP","90131972800552"
"2025-05-28 14:51:45","COMMISSION","-0.00005204","BTC","BTCUSD_PERP","90131972800554"
"2025-05-28 14:51:45","COMMISSION","-0.00002788","BTC","BTCUSD_PERP","90131972800553"
"2025-05-28 14:54:02","COMMISSION","-0.00016240","BTC","BTCUSD_PERP","90131972801241"
"2025-05-28 16:00:00","FUNDING_FEE","-0.00012016","BTC","BTCUSD_PERP","801383807732862461"
"2025-05-29 00:00:00","FUNDING_FEE","-0.00011942","BTC","BTCUSD_PERP","802591767284860931"
"2025-05-29 08:00:00","FUNDING_FEE","-0.00007200","BTC","BTCUSD_PERP","803799727256291731"
"2025-05-29 16:00:00","FUNDING_FEE","-0.00009350","BTC","BTCUSD_PERP","805007686430806321"
"2025-05-30 00:00:00","FUNDING_FEE","0.00001108","BTC","BTCUSD_PERP","806215645269772071"
"2025-05-30 00:31:20","COMMISSION","-0.00000519","BTC","BTCUSD_PERP","90131973309201"
"2025-05-30 00:31:20","COMMISSION","-0.00009346","BTC","BTCUSD_PERP","90131973309200"
"2025-05-30 00:32:28","COMMISSION","-0.00000472","BTC","BTCUSD_PERP","90131973309511"
"2025-05-30 00:32:28","COMMISSION","-0.00004250","BTC","BTCUSD_PERP","90131973309512"
"2025-05-30 00:32:28","COMMISSION","-0.00000755","BTC","BTCUSD_PERP","90131973309510"
"2025-05-30 00:32:50","COMMISSION","-0.00008267","BTC","BTCUSD_PERP","90131973309569"
"2025-05-30 08:00:00","FUNDING_FEE","-0.00000741","BTC","BTCUSD_PERP","807423604989546991"
"2025-05-30 08:08:01","COMMISSION","-4.7E-7","BTC","BTCUSD_PERP","90131973423203"
"2025-05-30 16:00:00","FUNDING_FEE","-0.00014622","BTC","BTCUSD_PERP","808631565002917171"
"2025-05-31 00:00:00","FUNDING_FEE","0.00017416","BTC","BTCUSD_PERP","809839524596859301"
"2025-05-31 01:44:12","COMMISSION","-0.00000626","BTC","BTCUSD_PERP","90131973730742"
"2025-05-31 01:54:38","COMMISSION","-0.00007582","BTC","BTCUSD_PERP","90131973734000"
"2025-05-31 08:00:00","FUNDING_FEE","0.00007843","BTC","BTCUSD_PERP","811047484023033801"
"2025-05-31 16:00:00","FUNDING_FEE","-0.00000318","BTC","BTCUSD_PERP","812255443449200811"
"2025-06-01 00:00:00","FUNDING_FEE","-0.00011966","BTC","BTCUSD_PERP","813463403043143701"
"2025-06-01 08:00:00","FUNDING_FEE","-0.00002245","BTC","BTCUSD_PERP","814671362679030751"
"2025-06-01 16:00:00","FUNDING_FEE","-0.00008291","BTC","BTCUSD_PERP","815879321979374431"
"2025-06-02 00:00:00","FUNDING_FEE","-0.00018531","BTC","BTCUSD_PERP","817087281657201471"
"2025-06-02 08:00:00","FUNDING_FEE","-0.00007456","BTC","BTCUSD_PERP","818295241083372211"
"2025-06-02 16:00:00","FUNDING_FEE","-0.00017366","BTC","BTCUSD_PERP","819503201348404361"
"2025-06-03 00:00:00","FUNDING_FEE","-0.00003529","BTC","BTCUSD_PERP","820711160564860181"
"2025-06-03 08:00:00","FUNDING_FEE","-0.00012773","BTC","BTCUSD_PERP","821919119865201181"
"2025-06-03 08:47:59","DEPOSIT","1.00000000","BTC",,"266674050252"
"2025-06-03 08:49:46","COMMISSION","-0.00025470","BTC","BTCUSD_PERP","90131974465633"
"2025-06-03 16:00:00","FUNDING_FEE","-0.00012960","BTC","BTCUSD_PERP","823127079836634671"
"2025-06-04 00:00:00","FUNDING_FEE","0.00006781","BTC","BTCUSD_PERP","824335038885314591"
"2025-06-04 08:00:00","FUNDING_FEE","-0.00021349","BTC","BTCUSD_PERP","825542999569778201"
"2025-06-04 12:33:08","COMMISSION","-0.00000571","BTC","BTCUSD_PERP","90131974703807"
"2025-06-04 12:33:08","COMMISSION","-0.00004156","BTC","BTCUSD_PERP","90131974703805"
"2025-06-04 12:33:08","COMMISSION","-0.00000667","BTC","BTCUSD_PERP","90131974703808"
"2025-06-04 12:33:08","COMMISSION","-5.7E-7","BTC","BTCUSD_PERP","90131974703806"
"2025-06-04 12:33:09","COMMISSION","-1.9E-7","BTC","BTCUSD_PERP","90131974703810"
"2025-06-04 12:33:10","COMMISSION","-0.00001734","BTC","BTCUSD_PERP","90131974703815"
"2025-06-04 12:33:10","COMMISSION","-0.00000190","BTC","BTCUSD_PERP","90131974703813"
"2025-06-04 12:33:10","COMMISSION","-0.00000610","BTC","BTCUSD_PERP","90131974703812"
"2025-06-04 12:33:10","COMMISSION","-0.00000171","BTC","BTCUSD_PERP","90131974703811"
"2025-06-04 12:33:10","COMMISSION","-0.00003813","BTC","BTCUSD_PERP","90131974703814"
"2025-06-04 16:00:00","FUNDING_FEE","-0.00021584","BTC","BTCUSD_PERP","826750958366802191"
"2025-06-05 00:00:00","FUNDING_FEE","0.00019602","BTC","BTCUSD_PERP","827958917960748261"
"2025-06-05 05:49:35","COMMISSION","-0.00006207","BTC","BTCUSD_PERP","90131974873317"
"2025-06-05 05:49:35","COMMISSION","-0.00000572","BTC","BTCUSD_PERP","90131974873318"
"2025-06-05 08:00:00","FUNDING_FEE","-0.00020649","BTC","BTCUSD_PERP","829166877806346671"
"2025-06-05 16:00:00","FUNDING_FEE","-0.00031222","BTC","BTCUSD_PERP","830374836519489581"
"2025-06-05 16:52:54","COMMISSION","-0.00022821","BTC","BTCUSD_PERP","90131975028576"
"2025-06-05 20:45:36","COMMISSION","-0.00003267","BTC","BTCUSD_PERP","90131975166851"
"2025-06-05 20:45:36","COMMISSION","-0.00004306","BTC","BTCUSD_PERP","90131975166852"
"2025-06-05 20:45:36","COMMISSION","-0.00004653","BTC","BTCUSD_PERP","90131975166853"
"2025-06-06 00:00:00","FUNDING_FEE","-0.00017389","BTC","BTCUSD_PERP","831582796574803891"
"2025-06-06 08:00:00","FUNDING_FEE","0.00030040","BTC","BTCUSD_PERP","832790755749316101"
"2025-06-06 16:00:00","FUNDING_FEE","0.00041499","BTC","BTCUSD_PERP","833998715049657831"
"2025-06-07 00:00:00","FUNDING_FEE","0.00063598","BTC","BTCUSD_PERP","835206675063031161"
"2025-06-07 08:00:00","FUNDING_FEE","-0.00007026","BTC","BTCUSD_PERP","836414634615030121"
"2025-06-07 16:00:00","FUNDING_FEE","0.00002795","BTC","BTCUSD_PERP","837622593957314611"
"2025-06-08 00:00:00","FUNDING_FEE","0.00004342","BTC","BTCUSD_PERP","838830553635145751"
"2025-06-08 08:00:00","FUNDING_FEE","-0.00013639","BTC","BTCUSD_PERP","840038513271030301"
"2025-06-08 16:00:00","FUNDING_FEE","0.00002018","BTC","BTCUSD_PERP","841246472781091061"
"2025-06-09 00:00:00","FUNDING_FEE","0.00063982","BTC","BTCUSD_PERP","842454432500859961"
"2025-06-09 08:00:00","FUNDING_FEE","-0.00019616","BTC","BTCUSD_PERP","843662391759257951"
"2025-06-09 16:00:00","FUNDING_FEE","0.00010561","BTC","BTCUSD_PERP","844870351856518221"
"2025-06-09 23:18:37","COMMISSION","-0.00007961","BTC","BTCUSD_PERP","90131976136852"
"2025-06-10 00:00:00","FUNDING_FEE","-0.00008929","BTC","BTCUSD_PERP","846078311114917141"
"2025-06-10 08:00:00","FUNDING_FEE","-0.00036276","BTC","BTCUSD_PERP","847286270247489351"
"2025-06-10 16:00:00","FUNDING_FEE","-0.00044653","BTC","BTCUSD_PERP","848494230596405411"
"2025-06-11 00:00:00","FUNDING_FEE","-0.00038046","BTC","BTCUSD_PERP","849702189519257911"
"2025-06-11 08:00:00","FUNDING_FEE","-0.00044485","BTC","BTCUSD_PERP","850910148651832241"
"2025-06-11 16:00:00","FUNDING_FEE","-0.00034169","BTC","BTCUSD_PERP","852118109084634921"
"2025-06-12 00:00:00","FUNDING_FEE","-0.00044799","BTC","BTCUSD_PERP","853326068133315121"
"2025-06-12 08:00:00","FUNDING_FEE","-0.00004898","BTC","BTCUSD_PERP","854534028062804281"
"2025-06-12 16:00:00","FUNDING_FEE","-0.00045487","BTC","BTCUSD_PERP","855741987614805911"
"2025-06-13 00:00:00","FUNDING_FEE","-0.00023705","BTC","BTCUSD_PERP","856949946663486001"
"2025-06-13 08:00:00","FUNDING_FEE","-0.00018073","BTC","BTCUSD_PERP","858157906467146261"
"2025-06-13 11:42:40","DEPOSIT","1.85004088","BTC",,"268768973473"
"2025-06-13 16:00:00","FUNDING_FEE","-0.00011219","BTC","BTCUSD_PERP","859365866019143771"
"2025-06-14 00:00:00","FUNDING_FEE","-0.00037188","BTC","BTCUSD_PERP","860573825487260511"
"2025-06-14 08:00:00","FUNDING_FEE","-0.00020319","BTC","BTCUSD_PERP","861781785416745721"
"2025-06-14 16:00:00","FUNDING_FEE","0.00017927","BTC","BTCUSD_PERP","862989744884862011"
"2025-06-15 00:00:00","FUNDING_FEE","-0.00002751","BTC","BTCUSD_PERP","864197704185202901"
"2025-06-15 08:00:00","FUNDING_FEE","-0.00046160","BTC","BTCUSD_PERP","865405663695261871"
"2025-06-15 16:00:00","FUNDING_FEE","-0.00046102","BTC","BTCUSD_PERP","866613622869772111"
"2025-06-16 00:00:00","FUNDING_FEE","-0.00046098","BTC","BTCUSD_PERP","867821582967031391"
"2025-06-16 08:00:00","FUNDING_FEE","-0.00045468","BTC","BTCUSD_PERP","869029542812633731"
"2025-06-16 16:00:00","FUNDING_FEE","-0.00045312","BTC","BTCUSD_PERP","870237502742119541"
"2025-06-17 00:00:00","FUNDING_FEE","0.00000638","BTC","BTCUSD_PERP","871445461581090471"
"2025-06-17 08:00:00","FUNDING_FEE","-0.00017439","BTC","BTCUSD_PERP","872653420923374631"
"2025-06-17 16:00:00","FUNDING_FEE","-0.00024445","BTC","BTCUSD_PERP","873861381062576431"
"2025-06-18 00:00:00","FUNDING_FEE","-0.00008180","BTC","BTCUSD_PERP","875069340237087071"
"2025-06-18 08:00:00","FUNDING_FEE","-0.00046374","BTC","BTCUSD_PERP","876277299579374361"
"2025-06-18 16:00:00","FUNDING_FEE","-0.00008806","BTC","BTCUSD_PERP","877485259676632661"
"2025-06-19 00:00:00","FUNDING_FEE","-0.00013984","BTC","BTCUSD_PERP","878693218347830611"
"2025-06-19 08:00:00","FUNDING_FEE","-0.00015328","BTC","BTCUSD_PERP","879901178277315921"
"2025-06-19 16:00:00","FUNDING_FEE","0.00009231","BTC","BTCUSD_PERP","881109138164861311"
"2025-06-20 00:00:00","FUNDING_FEE","0.00008764","BTC","BTCUSD_PERP","882317097800745781"
"2025-06-20 08:00:00","FUNDING_FEE","-0.00009688","BTC","BTCUSD_PERP","883525057059147151"
"2025-06-20 16:00:00","FUNDING_FEE","-0.00046712","BTC","BTCUSD_PERP","884733016904747241"
"2025-06-21 00:00:00","FUNDING_FEE","-0.00007003","BTC","BTCUSD_PERP","885940976330916161"
"2025-06-21 08:00:00","FUNDING_FEE","0.00030245","BTC","BTCUSD_PERP","887148935715147081"
"2025-06-21 16:00:00","FUNDING_FEE","0.00012747","BTC","BTCUSD_PERP","888356895057430531"
"2025-06-22 00:00:00","FUNDING_FEE","-0.00004080","BTC","BTCUSD_PERP","889564854777201851"
"2025-06-22 08:00:00","FUNDING_FEE","-0.00014103","BTC","BTCUSD_PERP","890772814245317751"
"2025-06-22 16:00:00","FUNDING_FEE","0.00001318","BTC","BTCUSD_PERP","891980774007031541"
"2025-06-23 00:00:00","FUNDING_FEE","-0.00002285","BTC","BTCUSD_PERP","893188733642918771"
"2025-06-23 08:00:00","FUNDING_FEE","-0.00015676","BTC","BTCUSD_PERP","894396693111032031"
"2025-06-23 16:00:00","FUNDING_FEE","-0.00011809","BTC","BTCUSD_PERP","895604652872746231"
"2025-06-24 00:00:00","FUNDING_FEE","0.00012649","BTC","BTCUSD_PERP","896812612005314651"
"2025-06-24 08:00:00","FUNDING_FEE","-0.00009646","BTC","BTCUSD_PERP","898020571557316341"
"2025-06-24 15:48:27","WITHDRAW","-1.50005681","BTC",,"270936080207"
"2025-06-24 16:00:00","FUNDING_FEE","-0.00017096","BTC","BTCUSD_PERP","899228531444859221"
"2025-06-25 00:00:00","FUNDING_FEE","-0.00009638","BTC","BTCUSD_PERP","900436491038805581"
"2025-06-25 08:00:00","FUNDING_FEE","-0.00045646","BTC","BTCUSD_PERP","901644450213318401"
"2025-06-25 16:00:00","FUNDING_FEE","-0.00028125","BTC","BTCUSD_PERP","902852410142805001"
"2025-06-26 00:00:00","FUNDING_FEE","0.00046258","BTC","BTCUSD_PERP","904060369527031601"
"2025-06-26 01:49:09","WITHDRAW","-0.40000000","BTC",,"271203004534"
"2025-06-26 08:00:00","FUNDING_FEE","-0.00045138","BTC","BTCUSD_PERP","905268329079030431"
"2025-06-26 16:00:00","FUNDING_FEE","-0.00000408","BTC","BTCUSD_PERP","906476288631034651"
"2025-06-27 00:00:00","FUNDING_FEE","0.00002625","BTC","BTCUSD_PERP","907684247721661141"
"2025-06-27 08:00:00","FUNDING_FEE","-0.00007723","BTC","BTCUSD_PERP","908892207567258371"
"2025-06-27 16:00:00","FUNDING_FEE","-0.00010520","BTC","BTCUSD_PERP","910100167161201981"
"2025-06-28 00:00:00","FUNDING_FEE","0.00031103","BTC","BTCUSD_PERP","911308127090690871"
"2025-06-28 08:00:00","FUNDING_FEE","-0.00033467","BTC","BTCUSD_PERP","912516086516858961"
"2025-06-28 16:00:00","FUNDING_FEE","-0.00021636","BTC","BTCUSD_PERP","913724045817201681"
"2025-06-29 00:00:00","FUNDING_FEE","-0.00045353","BTC","BTCUSD_PERP","914932005536974931"
"2025-06-29 08:00:00","FUNDING_FEE","-0.00045317","BTC","BTCUSD_PERP","916139965005089001"
"2025-06-29 16:00:00","FUNDING_FEE","-0.00045166","BTC","BTCUSD_PERP","917347924347376181"
"2025-06-30 00:00:00","FUNDING_FEE","-0.00044917","BTC","BTCUSD_PERP","918555883689658071"
"2025-06-30 08:00:00","FUNDING_FEE","-0.00032585","BTC","BTCUSD_PERP","919763843661088131"
"2025-06-30 16:00:00","FUNDING_FEE","-0.00045241","BTC","BTCUSD_PERP","920971802877547751"
"2025-07-01 00:00:00","FUNDING_FEE","-0.00022240","BTC","BTCUSD_PERP","922179762471488211"
"2025-07-01 08:00:00","FUNDING_FEE","-0.00011687","BTC","BTCUSD_PERP","923387722317087211"
"2025-07-01 16:00:00","FUNDING_FEE","0.00003133","BTC","BTCUSD_PERP","924595681911032051"
"2025-07-02 00:00:00","FUNDING_FEE","-0.00028901","BTC","BTCUSD_PERP","925803641379145381"
"2025-07-02 08:00:00","FUNDING_FEE","-0.00031312","BTC","BTCUSD_PERP","927011600931147691"
"2025-07-02 16:00:00","FUNDING_FEE","0.00002707","BTC","BTCUSD_PERP","928219560567033781"
"2025-07-03 00:00:00","FUNDING_FEE","-0.00014375","BTC","BTCUSD_PERP","929427519741542921"
"2025-07-03 08:00:00","FUNDING_FEE","-0.00044532","BTC","BTCUSD_PERP","930635479503258491"
"2025-07-03 16:00:00","FUNDING_FEE","-0.00027337","BTC","BTCUSD_PERP","931843439768292451"
"2025-07-04 00:00:00","FUNDING_FEE","-0.00023114","BTC","BTCUSD_PERP","933051398733090981"
"2025-07-04 08:00:00","FUNDING_FEE","-0.00026288","BTC","BTCUSD_PERP","934259359333665771"
"2025-07-04 16:00:00","FUNDING_FEE","0.00018174","BTC","BTCUSD_PERP","935467318256520331"
"2025-07-05 00:00:00","FUNDING_FEE","-0.00000667","BTC","BTCUSD_PERP","936675277682689901"
"2025-07-05 08:00:00","FUNDING_FEE","-0.00004869","BTC","BTCUSD_PERP","937883236983032541"
"2025-07-05 16:00:00","FUNDING_FEE","-0.00030057","BTC","BTCUSD_PERP","939091196451147961"
"2025-07-06 00:00:00","FUNDING_FEE","-0.00008808","BTC","BTCUSD_PERP","940299156087032451"
"2025-07-06 08:00:00","FUNDING_FEE","0.00016288","BTC","BTCUSD_PERP","941507115387373941"
"2025-07-06 16:00:00","FUNDING_FEE","-0.00036118","BTC","BTCUSD_PERP","942715075065201591"
"2025-07-07 00:00:00","FUNDING_FEE","-0.00044575","BTC","BTCUSD_PERP","943923034617203431"
"2025-07-07 08:00:00","FUNDING_FEE","-0.00011387","BTC","BTCUSD_PERP","945130994378917281"
"2025-07-07 16:00:00","FUNDING_FEE","-0.00021843","BTC","BTCUSD_PERP","946338954224519611"
"2025-07-07 18:27:29","COMMISSION","-0.00001634","BTC","BTCUSD_PERP","90131983521837"
"2025-07-07 18:27:29","COMMISSION","-0.00000891","BTC","BTCUSD_PERP","90131983521835"
"2025-07-07 18:27:29","COMMISSION","-0.00002154","BTC","BTCUSD_PERP","90131983521834"
"2025-07-07 18:27:29","COMMISSION","-0.00002990","BTC","BTCUSD_PERP","90131983521836"
"2025-07-08 00:00:00","FUNDING_FEE","-0.00000814","BTC","BTCUSD_PERP","947546913399031261"
"2025-07-08 08:00:00","FUNDING_FEE","0.00015410","BTC","BTCUSD_PERP","948754873034917011"
"2025-07-08 16:00:00","FUNDING_FEE","-0.00007424","BTC","BTCUSD_PERP","949962832712746961"
"2025-07-09 00:00:00","FUNDING_FEE","-0.00004266","BTC","BTCUSD_PERP","951170791845315141"
"2025-07-09 08:00:00","FUNDING_FEE","-0.00048583","BTC","BTCUSD_PERP","952378751774803891"
"2025-07-09 16:00:00","FUNDING_FEE","-0.00040345","BTC","BTCUSD_PERP","953586711410690701"
"2025-07-10 00:00:00","FUNDING_FEE","-0.00031208","BTC","BTCUSD_PERP","954794670207713641"
"2025-07-10 08:00:00","FUNDING_FEE","-0.00046926","BTC","BTCUSD_PERP","956002631185780101"
"2025-07-10 15:09:31","WITHDRAW","-0.00005706","BTC",,"273739187239"
"2025-07-10 16:00:00","FUNDING_FEE","-0.00022465","BTC","BTCUSD_PERP","957210590360293441"
"2025-07-11 00:00:00","FUNDING_FEE","-0.00045523","BTC","BTCUSD_PERP","958418549283147301"
"2025-07-11 08:00:00","FUNDING_FEE","-0.00044895","BTC","BTCUSD_PERP","959626508583486251"
"2025-07-11 16:00:00","FUNDING_FEE","-0.00045144","BTC","BTCUSD_PERP","960834468596859971"
"2025-07-12 00:00:00","FUNDING_FEE","-0.00044914","BTC","BTCUSD_PERP","962042427981087631"
"2025-07-12 08:00:00","FUNDING_FEE","-0.00044839","BTC","BTCUSD_PERP","963250388791380631"
"2025-07-12 16:00:00","FUNDING_FEE","-0.00045076","BTC","BTCUSD_PERP","964458347085090381"
"2025-07-13 00:00:00","FUNDING_FEE","-0.00044949","BTC","BTCUSD_PERP","965666306804859761"
"2025-07-13 08:00:00","FUNDING_FEE","-0.00044738","BTC","BTCUSD_PERP","966874266356861851"
"2025-07-13 16:00:00","FUNDING_FEE","-0.00044469","BTC","BTCUSD_PERP","968082225657202721"
"2025-07-14 00:00:00","FUNDING_FEE","-0.00044320","BTC","BTCUSD_PERP","969290185418919031"
"2025-07-14 08:00:00","FUNDING_FEE","-0.00042986","BTC","BTCUSD_PERP","970498145012860511"
"2025-07-14 16:00:00","FUNDING_FEE","-0.00044024","BTC","BTCUSD_PERP","971706105194007091"
"2025-07-15 00:00:00","FUNDING_FEE","-0.00044035","BTC","BTCUSD_PERP","972914064871834311"
"2025-07-15 08:00:00","FUNDING_FEE","-0.00073620","BTC","BTCUSD_PERP","974122023710804321"
"2025-07-15 16:00:00","FUNDING_FEE","-0.00103842","BTC","BTCUSD_PERP","975329983346689091"
"2025-07-16 00:00:00","FUNDING_FEE","-0.00044818","BTC","BTCUSD_PERP","976537942479261911"
"2025-07-16 08:00:00","FUNDING_FEE","-0.00044654","BTC","BTCUSD_PERP","977745902073201201"
"2025-07-16 16:00:00","FUNDING_FEE","-0.00044314","BTC","BTCUSD_PERP","978953862296291831"
"2025-07-17 00:00:00","FUNDING_FEE","-0.00044481","BTC","BTCUSD_PERP","980161821428863141"
"2025-07-17 08:00:00","FUNDING_FEE","-0.00044612","BTC","BTCUSD_PERP","981369780855031101"
"2025-07-17 16:00:00","FUNDING_FEE","-0.00044393","BTC","BTCUSD_PERP","982577741329777691"
"2025-07-18 00:00:00","FUNDING_FEE","-0.00044285","BTC","BTCUSD_PERP","983785700000975101"
"2025-07-18 08:00:00","FUNDING_FEE","-0.00044210","BTC","BTCUSD_PERP","984993659385200951"
"2025-07-18 16:00:00","FUNDING_FEE","-0.00044776","BTC","BTCUSD_PERP","986201619608294001"
"2025-07-19 00:00:00","FUNDING_FEE","-0.00044739","BTC","BTCUSD_PERP","987409578866688091"
"2025-07-19 08:00:00","FUNDING_FEE","-0.00044648","BTC","BTCUSD_PERP","988617538712292021"
"2025-07-19 16:00:00","FUNDING_FEE","-0.00044695","BTC","BTCUSD_PERP","989825497760974601"
"2025-07-20 00:00:00","FUNDING_FEE","-0.00044791","BTC","BTCUSD_PERP","991033457690463301"
"2025-07-20 08:00:00","FUNDING_FEE","-0.00044717","BTC","BTCUSD_PERP","992241417703835801"
"2025-07-20 16:00:00","FUNDING_FEE","-0.00044462","BTC","BTCUSD_PERP","993449377549434921"
"2025-07-21 00:00:00","FUNDING_FEE","-0.00045002","BTC","BTCUSD_PERP","994657335759261211"
"2025-07-21 08:00:00","FUNDING_FEE","-0.00044220","BTC","BTCUSD_PERP","995865296192061451"
"2025-07-21 16:00:00","FUNDING_FEE","-0.00044586","BTC","BTCUSD_PERP","997073255450462031"
"2025-07-22 00:00:00","FUNDING_FEE","-0.00044946","BTC","BTCUSD_PERP","998281214750805791"
"2025-07-22 08:00:00","FUNDING_FEE","-0.00044724","BTC","BTCUSD_PERP","999489174302803111"
"2025-07-22 16:00:00","FUNDING_FEE","-0.00044371","BTC","BTCUSD_PERP","697133812863261"
"2025-07-23 00:00:00","FUNDING_FEE","-0.00043973","BTC","BTCUSD_PERP","1905093322917771"
"2025-07-23 08:00:00","FUNDING_FEE","-0.00044596","BTC","BTCUSD_PERP","3113053420177251"
"2025-07-23 16:00:00","FUNDING_FEE","-0.00044506","BTC","BTCUSD_PERP","4321012846349841"
"2025-07-24 00:00:00","FUNDING_FEE","-0.00044446","BTC","BTCUSD_PERP","5528972062804491"
"2025-07-24 08:00:00","FUNDING_FEE","-0.00044567","BTC","BTCUSD_PERP","6736931405090221"
"2025-07-24 16:00:00","FUNDING_FEE","-0.00044321","BTC","BTCUSD_PERP","7944891502348331"
"2025-07-25 00:00:00","FUNDING_FEE","-0.00044614","BTC","BTCUSD_PERP","9152850676860991"
"2025-07-25 08:00:00","FUNDING_FEE","-0.00045780","BTC","BTCUSD_PERP","10360810186917691"
"2025-07-25 16:00:00","FUNDING_FEE","-0.00045606","BTC","BTCUSD_PERP","11568770032518711"
"2025-07-26 00:00:00","FUNDING_FEE","-0.00044875","BTC","BTCUSD_PERP","12776728913433071"
"2025-07-26 08:00:00","FUNDING_FEE","-0.00044995","BTC","BTCUSD_PERP","13984688968745151"
"2025-07-26 16:00:00","FUNDING_FEE","-0.00044690","BTC","BTCUSD_PERP","15192648604634421"
"2025-07-27 00:00:00","FUNDING_FEE","-0.00044779","BTC","BTCUSD_PERP","16400607569429301"
"2025-07-27 08:00:00","FUNDING_FEE","-0.00025597","BTC","BTCUSD_PERP","17608567456976251"
"2025-07-27 16:00:00","FUNDING_FEE","-0.00033941","BTC","BTCUSD_PERP","18816527092863271"
"2025-07-28 00:00:00","FUNDING_FEE","-0.00044202","BTC","BTCUSD_PERP","20024486183486131"
"2025-07-28 08:00:00","FUNDING_FEE","-0.00044408","BTC","BTCUSD_PERP","21232447203492501"
"2025-07-28 16:00:00","FUNDING_FEE","-0.00044665","BTC","BTCUSD_PERP","22440405874688341"
"2025-07-29 00:00:00","FUNDING_FEE","-0.00044703","BTC","BTCUSD_PERP","23648365426688931"
"2025-07-29 08:00:00","FUNDING_FEE","-0.00044410","BTC","BTCUSD_PERP","24856324978689371"
"2025-07-29 16:00:00","FUNDING_FEE","-0.00044979","BTC","BTCUSD_PERP","26064285075950061"
"2025-07-30 00:00:00","FUNDING_FEE","-0.00044778","BTC","BTCUSD_PERP","27272244166576221"
"2025-07-30 08:00:00","FUNDING_FEE","-0.00044709","BTC","BTCUSD_PERP","28480203886351561"
"2025-07-30 16:00:00","FUNDING_FEE","-0.00044758","BTC","BTCUSD_PERP","29688163522235641"
"2025-07-31 00:00:00","FUNDING_FEE","-0.00044823","BTC","BTCUSD_PERP","30896122906462791"
"2025-07-31 08:00:00","FUNDING_FEE","-0.00044508","BTC","BTCUSD_PERP","32104082752063511"
"2025-07-31 16:00:00","FUNDING_FEE","-0.00044649","BTC","BTCUSD_PERP","33312042220176851"
"2025-08-01 00:00:00","FUNDING_FEE","-0.00045631","BTC","BTCUSD_PERP","34520001268859051"
"2025-08-01 08:00:00","FUNDING_FEE","0.00009610","BTC","BTCUSD_PERP","35727961198349951"
"2025-08-01 16:00:00","FUNDING_FEE","-0.00045806","BTC","BTCUSD_PERP","36935920918120401"
"2025-08-02 00:00:00","FUNDING_FEE","-0.00005541","BTC","BTCUSD_PERP","38143880218460561"
"2025-08-02 08:00:00","FUNDING_FEE","-0.00008005","BTC","BTCUSD_PERP","39351839812405591"
"2025-08-02 16:00:00","FUNDING_FEE","-0.00010085","BTC","BTCUSD_PERP","40559798944976761"
"2025-08-03 00:00:00","FUNDING_FEE","-0.00018977","BTC","BTCUSD_PERP","41767758748632171"
"2025-08-03 08:00:00","FUNDING_FEE","-0.00012299","BTC","BTCUSD_PERP","42975718132860221"
"2025-08-03 08:42:53","COMMISSION","-0.00007028","BTC","BTCUSD_PERP","90131993047146"
"2025-08-03 11:11:35","COMMISSION","-0.00005086","BTC","BTCUSD_PERP","90131993056961"
"2025-08-03 11:11:35","COMMISSION","-0.00003990","BTC","BTCUSD_PERP","90131993056962"
"2025-08-03 11:30:34","COMMISSION","-0.00000509","BTC","BTCUSD_PERP","90131993063720"
"2025-08-03 11:30:34","COMMISSION","-0.00000456","BTC","BTCUSD_PERP","90131993063726"
"2025-08-03 11:30:34","COMMISSION","-7.0E-7","BTC","BTCUSD_PERP","90131993063739"
"2025-08-03 11:30:34","COMMISSION","-0.00000509","BTC","BTCUSD_PERP","90131993063719"
"2025-08-03 11:30:34","COMMISSION","-7.0E-7","BTC","BTCUSD_PERP","90131993063736"
"2025-08-03 11:30:34","COMMISSION","-0.00000456","BTC","BTCUSD_PERP","90131993063721"
"2025-08-03 11:30:34","COMMISSION","-0.00000456","BTC","BTCUSD_PERP","90131993063725"
"2025-08-03 11:30:34","COMMISSION","-7.0E-7","BTC","BTCUSD_PERP","90131993063734"
"2025-08-03 11:30:34","COMMISSION","-7.0E-7","BTC","BTCUSD_PERP","90131993063735"
"2025-08-03 11:30:34","COMMISSION","-0.00000509","BTC","BTCUSD_PERP","90131993063728"
"2025-08-03 11:30:34","COMMISSION","-7.0E-7","BTC","BTCUSD_PERP","90131993063737"
"2025-08-03 11:30:34","COMMISSION","-7.0E-7","BTC","BTCUSD_PERP","90131993063730"
"2025-08-03 11:30:34","COMMISSION","-5.2E-7","BTC","BTCUSD_PERP","90131993063729"
"2025-08-03 11:30:34","COMMISSION","-0.00000456","BTC","BTCUSD_PERP","90131993063722"
"2025-08-03 11:30:34","COMMISSION","-7.0E-7","BTC","BTCUSD_PERP","90131993063732"
"2025-08-03 11:30:34","COMMISSION","-0.00000386","BTC","BTCUSD_PERP","90131993063718"
"2025-08-03 11:30:34","COMMISSION","-0.00000456","BTC","BTCUSD_PERP","90131993063724"
"2025-08-03 11:30:34","COMMISSION","-7.0E-7","BTC","BTCUSD_PERP","90131993063733"
"2025-08-03 11:30:34","COMMISSION","-7.0E-7","BTC","BTCUSD_PERP","90131993063723"
"2025-08-03 11:30:34","COMMISSION","-0.00000456","BTC","BTCUSD_PERP","90131993063727"
"2025-08-03 11:30:34","COMMISSION","-7.0E-7","BTC","BTCUSD_PERP","90131993063731"
"2025-08-03 11:30:34","COMMISSION","-7.0E-7","BTC","BTCUSD_PERP","90131993063738"
"2025-08-03 16:00:00","FUNDING_FEE","-0.00007500","BTC","BTCUSD_PERP","44183677768748271"
"2025-08-03 19:33:35","COMMISSION","-0.00000157","BTC","BTCUSD_PERP","90131993121460"
"2025-08-03 19:38:56","COMMISSION","-0.00003959","BTC","BTCUSD_PERP","90131993123837"
"2025-08-03 19:41:53","COMMISSION","-1.7E-7","BTC","BTCUSD_PERP","90131993124820"
"2025-08-03 19:41:53","COMMISSION","-1.7E-7","BTC","BTCUSD_PERP","90131993124821"
"2025-08-03 19:41:53","COMMISSION","-1.7E-7","BTC","BTCUSD_PERP","90131993124818"
"2025-08-03 19:41:53","COMMISSION","-0.00007213","BTC","BTCUSD_PERP","90131993124817"
"2025-08-03 19:41:53","COMMISSION","-0.00001117","BTC","BTCUSD_PERP","90131993124823"
"2025-08-03 19:41:53","COMMISSION","-1.7E-7","BTC","BTCUSD_PERP","90131993124819"
"2025-08-03 19:41:53","COMMISSION","-1.7E-7","BTC","BTCUSD_PERP","90131993124822"
"2025-08-03 19:41:54","COMMISSION","-0.00000279","BTC","BTCUSD_PERP","90131993124824"
"2025-08-03 19:41:54","COMMISSION","-0.00000279","BTC","BTCUSD_PERP","90131993124825"
"2025-08-03 19:41:56","COMMISSION","-0.00000192","BTC","BTCUSD_PERP","90131993124829"
"2025-08-04 00:00:00","FUNDING_FEE","-0.00007803","BTC","BTCUSD_PERP","45391637194920961"
"2025-08-04 08:00:00","FUNDING_FEE","-0.00006187","BTC","BTCUSD_PERP","46599596621091351"
"2025-08-04 16:00:00","FUNDING_FEE","-0.00032716","BTC","BTCUSD_PERP","47807556424746711"
"2025-08-05 00:00:00","FUNDING_FEE","-0.00060507","BTC","BTCUSD_PERP","49015516396179531"
"2025-08-05 08:00:00","FUNDING_FEE","-0.00061082","BTC","BTCUSD_PERP","50223475151261231"
"2025-08-05 16:00:00","FUNDING_FEE","-0.00061639","BTC","BTCUSD_PERP","51431436297094371"
"2025-08-06 00:00:00","FUNDING_FEE","-0.00060995","BTC","BTCUSD_PERP","52639395094120431"
"2025-08-06 08:00:00","FUNDING_FEE","-0.00060941","BTC","BTCUSD_PERP","53847355149437291"
"2025-08-06 16:00:00","FUNDING_FEE","-0.00060319","BTC","BTCUSD_PERP","55055314072293591"
"2025-08-07 00:00:00","FUNDING_FEE","0.00033842","BTC","BTCUSD_PERP","56263273079034831"
"2025-08-07 08:00:00","FUNDING_FEE","-0.00019189","BTC","BTCUSD_PERP","57471232924633191"
"2025-08-07 16:00:00","FUNDING_FEE","0.00038944","BTC","BTCUSD_PERP","58679193021892571"
"2025-08-07 23:26:45","COMMISSION","-0.00000716","BTC","BTCUSD_PERP","90131994454258"
"2025-08-07 23:26:45","COMMISSION","-8.5E-7","BTC","BTCUSD_PERP","90131994454257"
"2025-08-07 23:26:49","COMMISSION","-0.00000102","BTC","BTCUSD_PERP","90131994454259"
"2025-08-07 23:27:49","COMMISSION","-0.00000801","BTC","BTCUSD_PERP","90131994454269"
"2025-08-08 00:00:00","FUNDING_FEE","0.00067317","BTC","BTCUSD_PERP","59887151776976791"
"2025-08-08 08:00:00","FUNDING_FEE","-0.00051232","BTC","BTCUSD_PERP","61095111580633551"
"2025-08-08 15:40:56","COMMISSION","-0.00003775","BTC","BTCUSD_PERP","90131994676707"
"2025-08-08 16:00:00","FUNDING_FEE","-0.00062631","BTC","BTCUSD_PERP","62303070922916601"
"2025-08-09 00:00:00","FUNDING_FEE","-0.00062392","BTC","BTCUSD_PERP","63511030726575361"
"2025-08-09 08:00:00","FUNDING_FEE","-0.00062344","BTC","BTCUSD_PERP","64718989984974041"
"2025-08-09 16:00:00","FUNDING_FEE","-0.00062280","BTC","BTCUSD_PERP","65926949788633631"
"2025-08-10 00:00:00","FUNDING_FEE","-0.00062483","BTC","BTCUSD_PERP","67134908837317621"
"2025-08-10 08:00:00","FUNDING_FEE","-0.00061779","BTC","BTCUSD_PERP","68342869102349951"
"2025-08-10 16:00:00","FUNDING_FEE","-0.00061256","BTC","BTCUSD_PERP","69550828402688021"
"2025-08-11 00:00:00","FUNDING_FEE","-0.00061008","BTC","BTCUSD_PERP","70758787703032651"
"2025-08-11 08:00:00","FUNDING_FEE","-0.00059904","BTC","BTCUSD_PERP","71966748010005941"
"2025-08-11 16:00:00","FUNDING_FEE","-0.00060499","BTC","BTCUSD_PERP","73174707058692361"
"2025-08-12 00:00:00","FUNDING_FEE","-0.00061318","BTC","BTCUSD_PERP","74382666275147691"
"2025-08-12 08:00:00","FUNDING_FEE","-0.00061169","BTC","BTCUSD_PERP","75590626120747821"
"2025-08-12 16:00:00","FUNDING_FEE","-0.00060688","BTC","BTCUSD_PERP","76798586008292321"
"2025-08-13 00:00:00","FUNDING_FEE","-0.00060598","BTC","BTCUSD_PERP","78006545560293121"
"2025-08-13 08:00:00","FUNDING_FEE","-0.00060860","BTC","BTCUSD_PERP","79214505070348021"
"2025-08-13 16:00:00","FUNDING_FEE","-0.00060179","BTC","BTCUSD_PERP","80422464664289541"
"2025-08-14 00:00:00","FUNDING_FEE","-0.00059003","BTC","BTCUSD_PERP","81630424132407021"
"2025-08-14 08:00:00","FUNDING_FEE","-0.00059746","BTC","BTCUSD_PERP","82838383390803111"
"2025-08-14 12:34:47","COMMISSION","-0.00002599","BTC","BTCUSD_PERP","90131997100345"
"2025-08-14 16:00:00","FUNDING_FEE","-0.00062833","BTC","BTCUSD_PERP","84046342649202561"
"2025-08-15 00:00:00","FUNDING_FEE","-0.00062806","BTC","BTCUSD_PERP","85254302201204021"
"2025-08-15 08:00:00","FUNDING_FEE","-0.00062454","BTC","BTCUSD_PERP","86462262214576961"
"2025-08-15 16:00:00","FUNDING_FEE","-0.00025919","BTC","BTCUSD_PERP","87670222269893421"
"2025-08-16 00:00:00","FUNDING_FEE","-0.00032313","BTC","BTCUSD_PERP","88878181402463741"
"2025-08-16 08:00:00","FUNDING_FEE","0.00038164","BTC","BTCUSD_PERP","90086140912517751"
"2025-08-16 16:00:00","FUNDING_FEE","-0.00003220","BTC","BTCUSD_PERP","91294100254802191"
"2025-08-17 00:00:00","FUNDING_FEE","0.00035726","BTC","BTCUSD_PERP","92502060016517421"
"2025-08-17 07:05:05","REALIZED_PNL","0.00194891","BTC","BTCUSD_PERP","90130998066472"
"2025-08-17 07:05:05","COMMISSION","-0.00033922","BTC","BTCUSD_PERP","90130998066505"
"2025-08-17 07:05:05","REALIZED_PNL","0.00031189","BTC","BTCUSD_PERP","90130998066458"
"2025-08-17 07:05:05","REALIZED_PNL","0.00873147","BTC","BTCUSD_PERP","90130998066468"
"2025-08-17 07:05:05","REALIZED_PNL","0.00194807","BTC","BTCUSD_PERP","90130998066483"
"2025-08-17 07:05:05","COMMISSION","-0.00001059","BTC","BTCUSD_PERP","90130998066459"
"2025-08-17 07:05:05","REALIZED_PNL","0.00031182","BTC","BTCUSD_PERP","90130998066471"
"2025-08-17 07:05:05","REALIZED_PNL","0.00194794","BTC","BTCUSD_PERP","90130998066485"
"2025-08-17 07:05:05","COMMISSION","-0.00000127","BTC","BTCUSD_PERP","90130998066499"
"2025-08-17 07:05:05","COMMISSION","-0.00001059","BTC","BTCUSD_PERP","90130998066460"
"2025-08-17 07:05:05","REALIZED_PNL","0.00085761","BTC","BTCUSD_PERP","90130998066465"
"2025-08-17 07:05:05","REALIZED_PNL","0.00007789","BTC","BTCUSD_PERP","90130998066494"
"2025-08-17 07:05:05","REALIZED_PNL","0.07253616","BTC","BTCUSD_PERP","90130998066489"
"2025-08-17 07:05:05","REALIZED_PNL","0.06807129","BTC","BTCUSD_PERP","90130998066501"
"2025-08-17 07:05:05","REALIZED_PNL","0.00007791","BTC","BTCUSD_PERP","90130998066491"
"2025-08-17 07:05:05","COMMISSION","-0.00020308","BTC","BTCUSD_PERP","90130998066449"
"2025-08-17 07:05:05","COMMISSION","-0.00000423","BTC","BTCUSD_PERP","90130998066452"
"2025-08-17 07:05:05","COMMISSION","-4.2E-7","BTC","BTCUSD_PERP","90130998066451"
"2025-08-17 07:05:05","COMMISSION","-4.2E-7","BTC","BTCUSD_PERP","90130998066462"
"2025-08-17 07:05:05","COMMISSION","-4.2E-7","BTC","BTCUSD_PERP","90130998066491"
"2025-08-17 07:05:05","COMMISSION","-0.00001060","BTC","BTCUSD_PERP","90130998066485"
"2025-08-17 07:05:05","REALIZED_PNL","0.00155785","BTC","BTCUSD_PERP","90130998066492"
"2025-08-17 07:05:05","REALIZED_PNL","0.00132554","BTC","BTCUSD_PERP","90130998066456"
"2025-08-17 07:05:05","REALIZED_PNL","0.00038970","BTC","BTCUSD_PERP","90130998066474"
"2025-08-17 07:05:05","REALIZED_PNL","0.00007795","BTC","BTCUSD_PERP","90130998066470"
"2025-08-17 07:05:05","COMMISSION","-4.2E-7","BTC","BTCUSD_PERP","90130998066494"
"2025-08-17 07:05:05","REALIZED_PNL","0.00007788","BTC","BTCUSD_PERP","90130998066503"
"2025-08-17 07:05:05","REALIZED_PNL","0.00007788","BTC","BTCUSD_PERP","90130998066498"
"2025-08-17 07:05:05","COMMISSION","-0.00000211","BTC","BTCUSD_PERP","90130998066474"
"2025-08-17 07:05:05","REALIZED_PNL","0.00007797","BTC","BTCUSD_PERP","90130998066462"
"2025-08-17 07:05:05","REALIZED_PNL","0.00007791","BTC","BTCUSD_PERP","90130998066488"
"2025-08-17 07:05:05","COMMISSION","-4.2E-7","BTC","BTCUSD_PERP","90130998066498"
"2025-08-17 07:05:05","COMMISSION","-0.00037059","BTC","BTCUSD_PERP","90130998066501"
"2025-08-17 07:05:05","REALIZED_PNL","0.00194722","BTC","BTCUSD_PERP","90130998066497"
"2025-08-17 07:05:05","REALIZED_PNL","0.00007797","BTC","BTCUSD_PERP","90130998066451"
"2025-08-17 07:05:05","COMMISSION","-0.00025057","BTC","BTCUSD_PERP","90130998066455"
"2025-08-17 07:05:05","REALIZED_PNL","0.00194933","BTC","BTCUSD_PERP","90130998066460"
"2025-08-17 07:05:05","COMMISSION","-0.00000127","BTC","BTCUSD_PERP","90130998066463"
"2025-08-17 07:05:05","COMMISSION","-4.2E-7","BTC","BTCUSD_PERP","90130998066478"
"2025-08-17 07:05:05","COMMISSION","-0.00001059","BTC","BTCUSD_PERP","90130998066472"
"2025-08-17 07:05:05","REALIZED_PNL","0.00007788","BTC","BTCUSD_PERP","90130998066504"
"2025-08-17 07:05:05","REALIZED_PNL","0.00778926","BTC","BTCUSD_PERP","90130998066493"
"2025-08-17 07:05:05","COMMISSION","-0.00001060","BTC","BTCUSD_PERP","90130998066496"
"2025-08-17 07:05:05","COMMISSION","-4.2E-7","BTC","BTCUSD_PERP","90130998066503"
"2025-08-17 07:05:05","REALIZED_PNL","0.03734917","BTC","BTCUSD_PERP","90130998066449"
"2025-08-17 07:05:05","REALIZED_PNL","0.00031155","BTC","BTCUSD_PERP","90130998066495"
"2025-08-17 07:05:05","REALIZED_PNL","0.02671324","BTC","BTCUSD_PERP","90130998066506"
"2025-08-17 07:05:05","REALIZED_PNL","0.00007796","BTC","BTCUSD_PERP","90130998066464"
"2025-08-17 07:05:05","REALIZED_PNL","0.00077973","BTC","BTCUSD_PERP","90130998066452"
"2025-08-17 07:05:05","REALIZED_PNL","0.00007796","BTC","BTCUSD_PERP","90130998066466"
"2025-08-17 07:05:05","REALIZED_PNL","0.00023365","BTC","BTCUSD_PERP","90130998066499"
"2025-08-17 07:05:05","COMMISSION","-0.00001060","BTC","BTCUSD_PERP","90130998066497"
"2025-08-17 07:05:05","COMMISSION","-0.00016960","BTC","BTCUSD_PERP","90130998066481"
"2025-08-17 07:05:05","COMMISSION","-0.00002755","BTC","BTCUSD_PERP","90130998066461"
"2025-08-17 07:05:05","COMMISSION","-4.2E-7","BTC","BTCUSD_PERP","90130998066488"
"2025-08-17 07:05:05","REALIZED_PNL","0.00194722","BTC","BTCUSD_PERP","90130998066496"
"2025-08-17 07:05:05","COMMISSION","-0.00000720","BTC","BTCUSD_PERP","90130998066456"
"2025-08-17 07:05:05","REALIZED_PNL","0.00561407","BTC","BTCUSD_PERP","90130998066454"
"2025-08-17 07:05:05","REALIZED_PNL","0.00194807","BTC","BTCUSD_PERP","90130998066484"
"2025-08-17 07:05:05","REALIZED_PNL","0.00007797","BTC","BTCUSD_PERP","90130998066450"
"2025-08-17 07:05:05","COMMISSION","-0.00000169","BTC","BTCUSD_PERP","90130998066458"
"2025-08-17 07:05:05","REALIZED_PNL","0.00023390","BTC","BTCUSD_PERP","90130998066463"
"2025-08-17 07:05:05","COMMISSION","-0.00002120","BTC","BTCUSD_PERP","90130998066502"
"2025-08-17 07:05:05","COMMISSION","-0.00001060","BTC","BTCUSD_PERP","90130998066483"
"2025-08-17 07:05:05","REALIZED_PNL","0.00031189","BTC","BTCUSD_PERP","90130998066457"
"2025-08-17 07:05:05","REALIZED_PNL","0.04608217","BTC","BTCUSD_PERP","90130998066455"
"2025-08-17 07:05:05","REALIZED_PNL","0.00389589","BTC","BTCUSD_PERP","90130998066486"
"2025-08-17 07:05:05","REALIZED_PNL","0.07791138","BTC","BTCUSD_PERP","90130998066490"
"2025-08-17 07:05:05","COMMISSION","-0.00000424","BTC","BTCUSD_PERP","90130998066480"
"2025-08-17 07:05:05","REALIZED_PNL","0.03117001","BTC","BTCUSD_PERP","90130998066481"
"2025-08-17 07:05:05","REALIZED_PNL","0.00389420","BTC","BTCUSD_PERP","90130998066502"
"2025-08-17 07:05:05","REALIZED_PNL","0.00561303","BTC","BTCUSD_PERP","90130998066469"
"2025-08-17 07:05:05","COMMISSION","-0.00004748","BTC","BTCUSD_PERP","90130998066468"
"2025-08-17 07:05:05","COMMISSION","-0.00002459","BTC","BTCUSD_PERP","90130998066467"
"2025-08-17 07:05:05","COMMISSION","-0.00039475","BTC","BTCUSD_PERP","90130998066489"
"2025-08-17 07:05:05","COMMISSION","-0.00042402","BTC","BTCUSD_PERP","90130998066500"
"2025-08-17 07:05:05","COMMISSION","-0.00003052","BTC","BTCUSD_PERP","90130998066454"
"2025-08-17 07:05:05","COMMISSION","-0.00000169","BTC","BTCUSD_PERP","90130998066457"
"2025-08-17 07:05:05","COMMISSION","-4.2E-7","BTC","BTCUSD_PERP","90130998066466"
"2025-08-17 07:05:05","COMMISSION","-4.2E-7","BTC","BTCUSD_PERP","90130998066450"
"2025-08-17 07:05:05","COMMISSION","-4.2E-7","BTC","BTCUSD_PERP","90130998066504"
"2025-08-17 07:05:05","COMMISSION","-0.00000169","BTC","BTCUSD_PERP","90130998066495"
"2025-08-17 07:05:05","COMMISSION","-0.00000848","BTC","BTCUSD_PERP","90130998066492"
"2025-08-17 07:05:05","COMMISSION","-4.2E-7","BTC","BTCUSD_PERP","90130998066475"
"2025-08-17 07:05:05","COMMISSION","-0.00000169","BTC","BTCUSD_PERP","90130998066482"
"2025-08-17 07:05:05","REALIZED_PNL","0.00452165","BTC","BTCUSD_PERP","90130998066467"
"2025-08-17 07:05:05","REALIZED_PNL","0.00023379","BTC","BTCUSD_PERP","90130998066477"
"2025-08-17 07:05:05","COMMISSION","-0.00000127","BTC","BTCUSD_PERP","90130998066477"
"2025-08-17 07:05:05","COMMISSION","-0.00014544","BTC","BTCUSD_PERP","90130998066506"
"2025-08-17 07:05:05","COMMISSION","-4.2E-7","BTC","BTCUSD_PERP","90130998066470"
"2025-08-17 07:05:05","REALIZED_PNL","0.00007794","BTC","BTCUSD_PERP","90130998066475"
"2025-08-17 07:05:05","COMMISSION","-0.00000466","BTC","BTCUSD_PERP","90130998066465"
"2025-08-17 07:05:05","COMMISSION","-0.00042401","BTC","BTCUSD_PERP","90130998066490"
"2025-08-17 07:05:05","COMMISSION","-4.2E-7","BTC","BTCUSD_PERP","90130998066479"
"2025-08-17 07:05:05","COMMISSION","-4.2E-7","BTC","BTCUSD_PERP","90130998066464"
"2025-08-17 07:05:05","REALIZED_PNL","0.00194933","BTC","BTCUSD_PERP","90130998066459"
"2025-08-17 07:05:05","REALIZED_PNL","0.00561200","BTC","BTCUSD_PERP","90130998066473"
"2025-08-17 07:05:05","REALIZED_PNL","0.06230551","BTC","BTCUSD_PERP","90130998066505"
"2025-08-17 07:05:05","COMMISSION","-0.00000169","BTC","BTCUSD_PERP","90130998066471"
"2025-08-17 07:05:05","REALIZED_PNL","0.00343082","BTC","BTCUSD_PERP","90130998066453"
"2025-08-17 07:05:05","REALIZED_PNL","0.00007793","BTC","BTCUSD_PERP","90130998066476"
"2025-08-17 07:05:05","COMMISSION","-0.00003052","BTC","BTCUSD_PERP","90130998066473"
"2025-08-17 07:05:05","COMMISSION","-0.00001865","BTC","BTCUSD_PERP","90130998066453"
"2025-08-17 07:05:05","REALIZED_PNL","0.00506825","BTC","BTCUSD_PERP","90130998066461"
"2025-08-17 07:05:05","COMMISSION","-0.00002120","BTC","BTCUSD_PERP","90130998066486"
"2025-08-17 07:05:05","REALIZED_PNL","0.00007791","BTC","BTCUSD_PERP","90130998066487"
"2025-08-17 07:05:05","COMMISSION","-0.00001060","BTC","BTCUSD_PERP","90130998066484"
"2025-08-17 07:05:05","COMMISSION","-4.2E-7","BTC","BTCUSD_PERP","90130998066476"
"2025-08-17 07:05:05","REALIZED_PNL","0.00031169","BTC","BTCUSD_PERP","90130998066482"
"2025-08-17 07:05:05","COMMISSION","-0.00004240","BTC","BTCUSD_PERP","90130998066493"
"2025-08-17 07:05:05","COMMISSION","-4.2E-7","BTC","BTCUSD_PERP","90130998066487"
"2025-08-17 07:05:05","REALIZED_PNL","0.00007793","BTC","BTCUSD_PERP","90130998066479"
"2025-08-17 07:05:05","REALIZED_PNL","0.00077929","BTC","BTCUSD_PERP","90130998066480"
"2025-08-17 07:05:05","REALIZED_PNL","0.00007793","BTC","BTCUSD_PERP","90130998066478"
"2025-08-17 07:05:05","REALIZED_PNL","0.07788549","BTC","BTCUSD_PERP","90130998066500"
"2025-08-17 07:05:05","COMMISSION","-0.00003052","BTC","BTCUSD_PERP","90130998066469"
"2025-08-17 07:21:19","WITHDRAW","-1.91841872","BTC",,"286895710674"
"2025-08-17 07:21:37","DEPOSIT","1.91841872","BTC",,"286895754456"
"2025-08-17 07:21:44","COMMISSION","-0.00000671","BTC","BTCUSD_250926","930214535107"
"2025-08-17 07:21:44","COMMISSION","-0.00001511","BTC","BTCUSD_250926","930214535106"
"2025-08-17 07:21:44","COMMISSION","-0.00000377","BTC","BTCUSD_250926","930214535105"
"2025-08-17 07:21:44","COMMISSION","-0.00008273","BTC","BTCUSD_250926","930214535108"
"2025-08-17 07:21:44","COMMISSION","-0.00002561","BTC","BTCUSD_250926","930214535109"
"2025-08-17 07:23:58","COMMISSION","-0.00004147","BTC","BTCUSD_251226","931211490735"
"2025-08-17 07:23:58","COMMISSION","-4.1E-7","BTC","BTCUSD_251226","931211490739"
"2025-08-17 07:23:58","COMMISSION","-0.00010553","BTC","BTCUSD_251226","931211490741"
"2025-08-17 07:23:58","COMMISSION","-0.00001930","BTC","BTCUSD_251226","931211490732"
"2025-08-17 07:23:58","COMMISSION","-0.00000492","BTC","BTCUSD_251226","931211490730"
"2025-08-17 07:23:58","COMMISSION","-0.00002792","BTC","BTCUSD_251226","931211490737"
"2025-08-17 07:23:58","COMMISSION","-4.1E-7","BTC","BTCUSD_251226","931211490729"
"2025-08-17 07:23:58","COMMISSION","-0.00002874","BTC","BTCUSD_251226","931211490731"
"2025-08-17 07:23:58","COMMISSION","-4.1E-7","BTC","BTCUSD_251226","931211490733"
"2025-08-17 07:23:58","COMMISSION","-0.00002176","BTC","BTCUSD_251226","931211490740"
"2025-08-17 07:23:58","COMMISSION","-0.00000615","BTC","BTCUSD_251226","931211490736"
"2025-08-17 07:23:58","COMMISSION","-0.00002792","BTC","BTCUSD_251226","931211490734"
"2025-08-17 07:23:58","COMMISSION","-4.1E-7","BTC","BTCUSD_251226","931211490738"
"2025-08-17 07:26:40","COMMISSION","-4.9E-7","BTC","BTCUSD_251226","931211490750"
"2025-08-17 07:26:40","COMMISSION","-3.2E-7","BTC","BTCUSD_251226","931211490749"
"2025-08-17 07:26:40","COMMISSION","-0.00000377","BTC","BTCUSD_251226","931211490748"
"2025-08-17 07:26:40","COMMISSION","-0.00023668","BTC","BTCUSD_251226","931211490747"
"2025-08-17 07:26:40","COMMISSION","-3.2E-7","BTC","BTCUSD_251226","931211490751"
"2025-08-17 07:26:41","COMMISSION","-0.00001379","BTC","BTCUSD_251226","931211490752"
"2025-08-17 07:26:41","COMMISSION","-3.2E-7","BTC","BTCUSD_251226","931211490754"
"2025-08-17 07:26:41","COMMISSION","-3.2E-7","BTC","BTCUSD_251226","931211490753"
"2025-08-17 07:26:42","COMMISSION","-0.00001330","BTC","BTCUSD_251226","931211490756"
"2025-08-17 07:26:42","COMMISSION","-0.00001642","BTC","BTCUSD_251226","931211490755"
"2025-08-17 07:26:45","COMMISSION","-0.00001330","BTC","BTCUSD_251226","931211490757"
"2025-08-17 07:26:47","COMMISSION","-0.00000969","BTC","BTCUSD_251226","931211490770"
"2025-08-17 07:26:47","COMMISSION","-0.00001330","BTC","BTCUSD_251226","931211490766"
"2025-08-17 07:26:47","COMMISSION","-3.2E-7","BTC","BTCUSD_251226","931211490764"
"2025-08-17 07:26:47","COMMISSION","-0.00000213","BTC","BTCUSD_251226","931211490771"
"2025-08-17 07:26:47","COMMISSION","-3.2E-7","BTC","BTCUSD_251226","931211490759"
"2025-08-17 07:26:47","COMMISSION","-3.2E-7","BTC","BTCUSD_251226","931211490760"
"2025-08-17 07:26:47","COMMISSION","-0.00000164","BTC","BTCUSD_251226","931211490761"
"2025-08-17 07:26:47","COMMISSION","-3.2E-7","BTC","BTCUSD_251226","931211490768"
"2025-08-17 07:26:47","COMMISSION","-0.00000771","BTC","BTCUSD_251226","931211490767"
"2025-08-17 07:26:47","COMMISSION","-0.00001396","BTC","BTCUSD_251226","931211490758"
"2025-08-17 07:26:47","COMMISSION","-3.2E-7","BTC","BTCUSD_251226","931211490773"
"2025-08-17 07:26:47","COMMISSION","-4.9E-7","BTC","BTCUSD_251226","931211490765"
"2025-08-17 07:26:47","COMMISSION","-4.9E-7","BTC","BTCUSD_251226","931211490763"
"2025-08-17 07:26:47","COMMISSION","-4.9E-7","BTC","BTCUSD_251226","931211490772"
"2025-08-17 07:26:47","COMMISSION","-0.00000197","BTC","BTCUSD_251226","931211490762"
"2025-08-17 07:26:47","COMMISSION","-0.00000180","BTC","BTCUSD_251226","931211490769"
"2025-08-17 07:26:48","COMMISSION","-0.00001642","BTC","BTCUSD_251226","931211490774"
"2025-08-17 07:26:49","COMMISSION","-0.00001149","BTC","BTCUSD_251226","931211490778"
"2025-08-17 07:26:49","COMMISSION","-0.00001642","BTC","BTCUSD_251226","931211490776"
"2025-08-17 07:26:49","COMMISSION","-6.5E-7","BTC","BTCUSD_251226","931211490777"
"2025-08-17 07:26:49","COMMISSION","-0.00000197","BTC","BTCUSD_251226","931211490780"
"2025-08-17 07:26:49","COMMISSION","-1.6E-7","BTC","BTCUSD_251226","931211490779"
"2025-08-17 07:26:49","COMMISSION","-0.00001330","BTC","BTCUSD_251226","931211490775"
"2025-08-17 07:26:50","COMMISSION","-0.00001314","BTC","BTCUSD_251226","931211490781"
"2025-08-17 07:26:50","COMMISSION","-0.00001642","BTC","BTCUSD_251226","931211490782"
"2025-08-17 07:26:52","COMMISSION","-0.00001642","BTC","BTCUSD_251226","931211490783"
"2025-08-17 07:26:52","COMMISSION","-0.00001330","BTC","BTCUSD_251226","931211490784"
"2025-08-17 07:26:53","COMMISSION","-0.00001642","BTC","BTCUSD_251226","931211490785"
"2025-08-17 07:26:54","COMMISSION","-0.00001642","BTC","BTCUSD_251226","931211490786"
"2025-08-17 07:26:56","COMMISSION","-0.00001642","BTC","BTCUSD_251226","931211490787"
"2025-08-17 07:26:57","COMMISSION","-0.00001642","BTC","BTCUSD_251226","931211490788"
"2025-08-17 07:26:58","COMMISSION","-0.00001642","BTC","BTCUSD_251226","931211490789"
"2025-08-17 07:27:00","COMMISSION","-0.00001642","BTC","BTCUSD_251226","931211490790"
"2025-08-17 07:27:01","COMMISSION","-0.00001642","BTC","BTCUSD_251226","931211490791"
"2025-08-17 07:27:02","COMMISSION","-0.00053431","BTC","BTCUSD_251226","931211490792"
"2025-08-17 07:33:23","COMMISSION","-0.00009713","BTC","BTCUSD_251226","931211490823"
"2025-08-17 07:33:23","COMMISSION","-0.00003336","BTC","BTCUSD_251226","931211490826"
"2025-08-17 07:33:23","COMMISSION","-0.00000756","BTC","BTCUSD_251226","931211490829"
"2025-08-17 07:33:23","COMMISSION","-0.00004684","BTC","BTCUSD_251226","931211490827"
"2025-08-17 07:33:23","COMMISSION","-0.00000525","BTC","BTCUSD_251226","931211490831"
"2025-08-17 07:33:23","COMMISSION","-0.00000197","BTC","BTCUSD_251226","931211490832"
"2025-08-17 07:33:23","COMMISSION","-0.00005867","BTC","BTCUSD_251226","931211490824"
"2025-08-17 07:33:23","COMMISSION","-1.6E-7","BTC","BTCUSD_251226","931211490822"
"2025-08-17 07:33:23","COMMISSION","-0.00000295","BTC","BTCUSD_251226","931211490830"
"2025-08-17 07:33:23","COMMISSION","-0.00000180","BTC","BTCUSD_251226","931211490825"
"2025-08-17 07:33:23","COMMISSION","-4.9E-7","BTC","BTCUSD_251226","931211490828"
"2025-08-17 07:33:23","COMMISSION","-0.00000115","BTC","BTCUSD_251226","931211490833"
"2025-08-17 09:07:41","COMMISSION","-0.00000835","BTC","BTCUSD_251226","931211493556"
"2025-08-17 09:07:42","COMMISSION","-0.00013502","BTC","BTCUSD_251226","931211493559"
"2025-08-17 09:07:42","COMMISSION","-0.00000475","BTC","BTCUSD_251226","931211493560"
"2025-08-17 09:07:42","COMMISSION","-0.00001638","BTC","BTCUSD_251226","931211493561"
"2025-08-17 09:07:42","COMMISSION","-3.2E-7","BTC","BTCUSD_251226","931211493558"
"2025-08-17 09:07:42","COMMISSION","-4.9E-7","BTC","BTCUSD_251226","931211493557"
"2025-08-17 09:07:44","COMMISSION","-0.00001638","BTC","BTCUSD_251226","931211493562"
"2025-08-17 09:07:45","COMMISSION","-0.00001245","BTC","BTCUSD_251226","931211493563"
"2025-08-17 09:07:45","COMMISSION","-0.00000180","BTC","BTCUSD_251226","931211493567"
"2025-08-17 09:07:45","COMMISSION","-0.00000114","BTC","BTCUSD_251226","931211493566"
"2025-08-17 09:07:53","COMMISSION","-0.00000180","BTC","BTCUSD_251226","931211493568"
"2025-08-17 09:08:39","COMMISSION","-0.00000688","BTC","BTCUSD_251226","931211493602"
"2025-08-17 09:08:40","COMMISSION","-0.00001638","BTC","BTCUSD_251226","931211493603"
"2025-08-17 09:08:42","COMMISSION","-0.00001638","BTC","BTCUSD_251226","931211493604"
"2025-08-17 09:08:43","COMMISSION","-0.00001638","BTC","BTCUSD_251226","931211493605"
"2025-08-17 09:08:44","COMMISSION","-0.00001638","BTC","BTCUSD_251226","931211493606"
"2025-08-17 09:08:46","COMMISSION","-0.00001638","BTC","BTCUSD_251226","931211493608"
"2025-08-17 09:08:47","COMMISSION","-0.00001638","BTC","BTCUSD_251226","931211493609"
"2025-08-17 09:08:48","COMMISSION","-0.00001638","BTC","BTCUSD_251226","931211493610"
"2025-08-17 09:08:50","COMMISSION","-0.00000999","BTC","BTCUSD_251226","931211493611"
"2025-08-17 11:12:22","COMMISSION","-1.6E-7","BTC","BTCUSD_251226","931211495042"
"2025-08-17 11:14:39","COMMISSION","-1.6E-7","BTC","BTCUSD_251226","931211495048"
"2025-08-17 11:17:12","COMMISSION","-1.6E-7","BTC","BTCUSD_251226","931211495055"
"2025-08-17 11:17:29","COMMISSION","-0.00000262","BTC","BTCUSD_251226","931211495057"
"2025-08-17 11:17:29","COMMISSION","-0.00001065","BTC","BTCUSD_251226","931211495058"
"2025-08-17 11:17:29","COMMISSION","-0.00000622","BTC","BTCUSD_251226","931211495056"
"2025-08-17 12:06:13","COMMISSION","-4.0E-7","BTC","BTCUSD_251226","931211495283"
"2025-08-17 12:06:13","COMMISSION","-0.00001885","BTC","BTCUSD_251226","931211495287"
"2025-08-17 12:06:13","COMMISSION","-0.00001966","BTC","BTCUSD_251226","931211495291"
"2025-08-17 12:06:13","COMMISSION","-0.00001557","BTC","BTCUSD_251226","931211495289"
"2025-08-17 12:06:13","COMMISSION","-4.0E-7","BTC","BTCUSD_251226","931211495288"
"2025-08-17 12:06:13","COMMISSION","-0.00014343","BTC","BTCUSD_251226","931211495286"
"2025-08-17 12:06:13","COMMISSION","-0.00005573","BTC","BTCUSD_251226","931211495285"
"2025-08-17 12:06:13","COMMISSION","-0.00002622","BTC","BTCUSD_251226","931211495290"
"2025-08-17 12:06:13","COMMISSION","-0.00000614","BTC","BTCUSD_251226","931211495284"
"2025-08-17 12:06:13","COMMISSION","-0.00000450","BTC","BTCUSD_251226","931211495282"
"2025-08-17 12:08:26","COMMISSION","-0.00004460","BTC","BTCUSD_251226","931211495312"
"2025-08-17 12:23:40","COMMISSION","-1.6E-7","BTC","BTCUSD_251226","931211495400"
"2025-08-17 12:23:40","COMMISSION","-1.6E-7","BTC","BTCUSD_251226","931211495398"
"2025-08-17 12:23:40","COMMISSION","-1.6E-7","BTC","BTCUSD_251226","931211495399"
"2025-08-17 12:23:40","COMMISSION","-1.6E-7","BTC","BTCUSD_251226","931211495397"
"2025-08-17 12:28:58","COMMISSION","-0.00000180","BTC","BTCUSD_251226","931211495412"
"2025-08-17 12:28:58","COMMISSION","-0.00000180","BTC","BTCUSD_251226","931211495413"
"2025-08-17 12:29:04","COMMISSION","-0.00000180","BTC","BTCUSD_251226","931211495414"
"2025-08-17 12:29:05","COMMISSION","-0.00000180","BTC","BTCUSD_251226","931211495415"
"2025-08-17 12:30:54","COMMISSION","-0.00000180","BTC","BTCUSD_251226","931211495417"
"2025-08-17 12:30:55","COMMISSION","-0.00000180","BTC","BTCUSD_251226","931211495418"
"2025-08-17 12:31:01","COMMISSION","-0.00000180","BTC","BTCUSD_251226","931211495419"
"2025-08-17 12:31:02","COMMISSION","-0.00000180","BTC","BTCUSD_251226","931211495420"
"2025-08-17 12:31:33","COMMISSION","-0.00000180","BTC","BTCUSD_251226","931211495421"
"2025-08-17 12:31:57","COMMISSION","-0.00000180","BTC","BTCUSD_251226","931211495422"
"2025-08-17 12:37:16","COMMISSION","-0.00000180","BTC","BTCUSD_251226","931211495457"
"2025-08-17 12:37:16","COMMISSION","-0.00000180","BTC","BTCUSD_251226","931211495458"
"2025-08-17 12:37:23","COMMISSION","-0.00000180","BTC","BTCUSD_251226","931211495460"
"2025-08-17 12:37:49","COMMISSION","-0.00000180","BTC","BTCUSD_251226","931211495464"
"2025-08-17 12:37:49","COMMISSION","-0.00000180","BTC","BTCUSD_251226","931211495463"
"2025-08-17 12:37:57","COMMISSION","-0.00000180","BTC","BTCUSD_251226","931211495467"
"2025-08-17 12:37:57","COMMISSION","-0.00000180","BTC","BTCUSD_251226","931211495466"
"2025-08-17 12:38:59","COMMISSION","-0.00000180","BTC","BTCUSD_251226","931211495474"
"2025-08-17 12:39:07","COMMISSION","-0.00000180","BTC","BTCUSD_251226","931211495476"
"2025-08-17 12:39:08","COMMISSION","-1.6E-7","BTC","BTCUSD_251226","931211495477"
"2025-08-17 12:39:08","COMMISSION","-1.6E-7","BTC","BTCUSD_251226","931211495478"
"2025-08-17 12:39:09","COMMISSION","-1.6E-7","BTC","BTCUSD_251226","931211495479"
"2025-08-17 12:39:10","COMMISSION","-1.6E-7","BTC","BTCUSD_251226","931211495484"
"2025-08-17 12:39:10","COMMISSION","-0.00001443","BTC","BTCUSD_251226","931211495486"
"2025-08-17 12:39:10","COMMISSION","-0.00000213","BTC","BTCUSD_251226","931211495482"
"2025-08-17 12:39:10","COMMISSION","-0.00001492","BTC","BTCUSD_251226","931211495480"
"2025-08-17 12:39:10","COMMISSION","-0.00000787","BTC","BTCUSD_251226","931211495481"
"2025-08-17 12:39:10","COMMISSION","-0.00008200","BTC","BTCUSD_251226","931211495487"
"2025-08-17 12:39:10","COMMISSION","-1.6E-7","BTC","BTCUSD_251226","931211495485"
"2025-08-17 12:39:10","COMMISSION","-1.6E-7","BTC","BTCUSD_251226","931211495483"
"2025-08-17 12:43:01","COMMISSION","-0.00000180","BTC","BTCUSD_251226","931211495507"
"2025-08-17 12:52:58","COMMISSION","-1.6E-7","BTC","BTCUSD_251226","931211495548"
"2025-08-17 12:53:03","COMMISSION","-0.00000180","BTC","BTCUSD_251226","931211495549"
"2025-08-17 12:53:03","COMMISSION","-0.00000180","BTC","BTCUSD_251226","931211495550"
"2025-08-17 12:53:10","COMMISSION","-0.00000180","BTC","BTCUSD_251226","931211495551"
"2025-08-17 12:53:11","COMMISSION","-0.00000180","BTC","BTCUSD_251226","931211495552"
"2025-08-17 12:53:36","COMMISSION","-1.6E-7","BTC","BTCUSD_251226","931211495553"
"2025-08-17 12:53:36","COMMISSION","-0.00001066","BTC","BTCUSD_251226","931211495554"
"2025-08-17 12:56:07","COMMISSION","-0.00008206","BTC","BTCUSD_251226","931211495592"
"2025-08-17 13:12:19","COMMISSION","-1.6E-7","BTC","BTCUSD_251226","931211495684"
"2025-08-17 13:12:19","COMMISSION","-1.6E-7","BTC","BTCUSD_251226","931211495683"
"2025-08-17 13:12:19","COMMISSION","-1.6E-7","BTC","BTCUSD_251226","931211495682"
"2025-08-17 13:13:49","COMMISSION","-1.6E-7","BTC","BTCUSD_251226","931211495685"
"2025-08-17 13:13:49","COMMISSION","-1.6E-7","BTC","BTCUSD_251226","931211495687"
"2025-08-17 13:13:49","COMMISSION","-1.6E-7","BTC","BTCUSD_251226","931211495686"
"2025-08-17 13:13:55","COMMISSION","-1.6E-7","BTC","BTCUSD_251226","931211495688"
"2025-08-17 13:13:55","COMMISSION","-1.6E-7","BTC","BTCUSD_251226","931211495689"
"2025-08-17 13:14:03","COMMISSION","-0.00008078","BTC","BTCUSD_251226","931211495690"
"2025-08-17 13:29:25","COMMISSION","-0.00008212","BTC","BTCUSD_251226","931211495953"
"2025-08-17 13:32:02","COMMISSION","-0.00008134","BTC","BTCUSD_251226","931211496362"
"2025-08-17 13:32:02","COMMISSION","-1.6E-7","BTC","BTCUSD_251226","931211496360"
"2025-08-17 13:32:02","COMMISSION","-6.5E-7","BTC","BTCUSD_251226","931211496361"
"2025-08-26 10:33:35","DEPOSIT","0.22420547","BTC",,"289916484032"
"2025-08-29 14:18:46","DEPOSIT","0.36749126","BTC",,"290884074669"
"2025-09-16 01:25:08","WITHDRAW","-0.20000000","BTC",,"296355212922"
"2025-09-16 03:39:25","WITHDRAW","-0.20000000","BTC",,"296387653504"
"2025-09-24 10:14:30","DEPOSIT","0.40093017","BTC",,"299945600874"
"2025-09-26 08:04:40","DELIVERED_SETTELMENT","-0.02436318","BTC","BTCUSD_250926","930205324933"
"2025-09-26 08:04:40","COMMISSION","-0.00014615","BTC","BTCUSD_250926","930205324933"
"2025-09-26 10:09:04","DEPOSIT","0.07696331","BTC",,"300884872720"
"2025-10-03 20:53:38","WITHDRAW","-0.49167081","BTC",,"304471397921"
"2025-10-03 20:53:50","DEPOSIT","0.49167081","BTC",,"304471427275"
"2025-10-03 20:57:28","COMMISSION","-0.00000219","BTC","BTCUSD_260327","93171114710"
"2025-10-03 20:57:28","COMMISSION","-0.00000769","BTC","BTCUSD_260327","93171114712"
"2025-10-03 20:57:28","COMMISSION","-4.7E-7","BTC","BTCUSD_260327","93171114711"
"2025-10-03 20:57:28","COMMISSION","-0.00000172","BTC","BTCUSD_260327","93171114713"
"2025-10-03 20:57:37","COMMISSION","-9.4E-7","BTC","BTCUSD_260327","93171114716"
"2025-10-03 20:57:37","COMMISSION","-6.2E-7","BTC","BTCUSD_260327","93171114714"
"2025-10-03 20:57:37","COMMISSION","-6.2E-7","BTC","BTCUSD_260327","93171114715"
"2025-10-03 20:57:38","COMMISSION","-3.1E-7","BTC","BTCUSD_260327","93171114717"
"2025-10-03 20:57:38","COMMISSION","-9.4E-7","BTC","BTCUSD_260327","93171114719"
"2025-10-03 20:57:38","COMMISSION","-3.1E-7","BTC","BTCUSD_260327","93171114718"
"2025-10-03 20:57:42","COMMISSION","-9.4E-7","BTC","BTCUSD_260327","93171114733"
"2025-10-03 20:57:42","COMMISSION","-3.1E-7","BTC","BTCUSD_260327","93171114745"
"2025-10-03 20:57:42","COMMISSION","-0.00000188","BTC","BTCUSD_260327","93171114760"
"2025-10-03 20:57:42","COMMISSION","-0.00000188","BTC","BTCUSD_260327","93171114730"
"2025-10-03 20:57:42","COMMISSION","-0.00000471","BTC","BTCUSD_260327","93171114737"
"2025-10-03 20:57:42","COMMISSION","-3.1E-7","BTC","BTCUSD_260327","93171114742"
"2025-10-03 20:57:42","COMMISSION","-0.00000172","BTC","BTCUSD_260327","93171114736"
"2025-10-03 20:57:42","COMMISSION","-0.00000282","BTC","BTCUSD_260327","93171114740"
"2025-10-03 20:57:42","COMMISSION","-4.7E-7","BTC","BTCUSD_260327","93171114732"
"2025-10-03 20:57:42","COMMISSION","-0.00000109","BTC","BTCUSD_260327","93171114764"
"2025-10-03 20:57:42","COMMISSION","-3.1E-7","BTC","BTCUSD_260327","93171114753"
"2025-10-03 20:57:42","COMMISSION","-7.8E-7","BTC","BTCUSD_260327","93171114746"
"2025-10-03 20:57:42","COMMISSION","-0.00000125","BTC","BTCUSD_260327","93171114734"
"2025-10-03 20:57:42","COMMISSION","-0.00000157","BTC","BTCUSD_260327","93171114729"
"2025-10-03 20:57:42","COMMISSION","-9.4E-7","BTC","BTCUSD_260327","93171114726"
"2025-10-03 20:57:42","COMMISSION","-0.00000973","BTC","BTCUSD_260327","93171114743"
"2025-10-03 20:57:42","COMMISSION","-0.00000266","BTC","BTCUSD_260327","93171114762"
"2025-10-03 20:57:42","COMMISSION","-1.5E-7","BTC","BTCUSD_260327","93171114731"
"2025-10-03 20:57:42","COMMISSION","-6.2E-7","BTC","BTCUSD_260327","93171114728"
"2025-10-03 20:57:42","COMMISSION","-4.7E-7","BTC","BTCUSD_260327","93171114765"
"2025-10-03 20:57:42","COMMISSION","-7.8E-7","BTC","BTCUSD_260327","93171114748"
"2025-10-03 20:57:42","COMMISSION","-0.00000188","BTC","BTCUSD_260327","93171114721"
"2025-10-03 20:57:42","COMMISSION","-4.7E-7","BTC","BTCUSD_260327","93171114724"
"2025-10-03 20:57:42","COMMISSION","-0.00000408","BTC","BTCUSD_260327","93171114722"
"2025-10-03 20:57:42","COMMISSION","-0.00000188","BTC","BTCUSD_260327","93171114758"
"2025-10-03 20:57:42","COMMISSION","-0.00000423","BTC","BTCUSD_260327","93171114725"
"2025-10-03 20:57:42","COMMISSION","-7.8E-7","BTC","BTCUSD_260327","93171114744"
"2025-10-03 20:57:42","COMMISSION","-7.8E-7","BTC","BTCUSD_260327","93171114752"
"2025-10-03 20:57:42","COMMISSION","-0.00000188","BTC","BTCUSD_260327","93171114720"
"2025-10-03 20:57:42","COMMISSION","-0.00000141","BTC","BTCUSD_260327","93171114749"
"2025-10-03 20:57:42","COMMISSION","-3.1E-7","BTC","BTCUSD_260327","93171114750"
"2025-10-03 20:57:42","COMMISSION","-0.00000895","BTC","BTCUSD_260327","93171114763"
"2025-10-03 20:57:42","COMMISSION","-7.8E-7","BTC","BTCUSD_260327","93171114727"
"2025-10-03 20:57:42","COMMISSION","-4.7E-7","BTC","BTCUSD_260327","93171114739"
"2025-10-03 20:57:42","COMMISSION","-0.00000188","BTC","BTCUSD_260327","93171114755"
"2025-10-03 20:57:42","COMMISSION","-7.8E-7","BTC","BTCUSD_260327","93171114756"
"2025-10-03 20:57:42","COMMISSION","-9.4E-7","BTC","BTCUSD_260327","93171114747"
"2025-10-03 20:57:42","COMMISSION","-9.4E-7","BTC","BTCUSD_260327","93171114757"
"2025-10-03 20:57:42","COMMISSION","-0.00000141","BTC","BTCUSD_260327","93171114761"
"2025-10-03 20:57:42","COMMISSION","-0.00000188","BTC","BTCUSD_260327","93171114723"
"2025-10-03 20:57:42","COMMISSION","-4.7E-7","BTC","BTCUSD_260327","93171114754"
"2025-10-03 20:57:42","COMMISSION","-1.5E-7","BTC","BTCUSD_260327","93171114735"
"2025-10-03 20:57:42","COMMISSION","-3.1E-7","BTC","BTCUSD_260327","93171114741"
"2025-10-03 20:57:42","COMMISSION","-1.5E-7","BTC","BTCUSD_260327","93171114738"
"2025-10-03 20:57:42","COMMISSION","-1.5E-7","BTC","BTCUSD_260327","93171114759"
"2025-10-03 20:57:42","COMMISSION","-9.4E-7","BTC","BTCUSD_260327","93171114751"
"2025-10-03 21:18:12","COMMISSION","-0.00008156","BTC","BTCUSD_251226","931212425234"
"2025-10-03 21:18:44","COMMISSION","-0.00008349","BTC","BTCUSD_251226","931212425235"
"2025-10-03 21:18:44","COMMISSION","-0.00000979","BTC","BTCUSD_251226","931212425236"
"2025-10-03 21:18:44","COMMISSION","-0.00013921","BTC","BTCUSD_251226","931212425237"
"2025-10-03 21:55:10","COMMISSION","-0.00005569","BTC","BTCUSD_260327","93171115089"
"2025-10-03 21:55:10","COMMISSION","-1.5E-7","BTC","BTCUSD_260327","93171115090"
"2025-10-03 23:04:51","COMMISSION","-1.5E-7","BTC","BTCUSD_260327","93171115333"
"2025-10-03 23:04:51","COMMISSION","-0.00001712","BTC","BTCUSD_260327","93171115332"
"2025-10-03 23:12:51","COMMISSION","-4.7E-7","BTC","BTCUSD_260327","93171115337"
"2025-10-03 23:12:51","COMMISSION","-0.00001998","BTC","BTCUSD_260327","93171115338"
"2025-10-03 23:12:51","COMMISSION","-0.00000833","BTC","BTCUSD_260327","93171115339"
"2025-10-04 00:31:50","COMMISSION","-0.00000110","BTC","BTCUSD_260327","93171115643"
"2025-10-04 00:31:50","COMMISSION","-0.00000314","BTC","BTCUSD_260327","93171115644"
"2025-10-04 00:31:50","COMMISSION","-0.00002110","BTC","BTCUSD_260327","93171115639"
"2025-10-04 00:31:50","COMMISSION","-4.7E-7","BTC","BTCUSD_260327","93171115642"
"2025-10-04 00:31:50","COMMISSION","-4.7E-7","BTC","BTCUSD_260327","93171115641"
"2025-10-04 00:31:50","COMMISSION","-0.00000535","BTC","BTCUSD_260327","93171115640"
"2025-10-04 00:49:52","COMMISSION","-0.00001655","BTC","BTCUSD_260327","93171115744"
"2025-10-04 01:18:30","COMMISSION","-0.00001813","BTC","BTCUSD_260327","93171115945"
"2025-10-04 01:18:30","COMMISSION","-1.5E-7","BTC","BTCUSD_260327","93171115944"
"2025-10-04 02:14:09","COMMISSION","-0.00003535","BTC","BTCUSD_260327","93171116538"
"2025-10-04 02:37:02","COMMISSION","-0.00000189","BTC","BTCUSD_260327","93171116743"
"2025-10-04 02:37:09","COMMISSION","-0.00000900","BTC","BTCUSD_260327","93171116744"
"2025-10-04 02:37:09","COMMISSION","-0.00000521","BTC","BTCUSD_260327","93171116746"
"2025-10-04 02:37:09","COMMISSION","-1.5E-7","BTC","BTCUSD_260327","93171116747"
"2025-10-04 02:37:09","COMMISSION","-0.00000474","BTC","BTCUSD_260327","93171116745"
"2025-10-04 02:37:16","COMMISSION","-0.00000379","BTC","BTCUSD_260327","93171116748"
"2025-10-04 02:45:12","COMMISSION","-0.00000221","BTC","BTCUSD_260327","93171116791"
"2025-10-04 02:45:12","COMMISSION","-1.5E-7","BTC","BTCUSD_260327","93171116799"
"2025-10-04 02:45:12","COMMISSION","-0.00000252","BTC","BTCUSD_260327","93171116793"
"2025-10-04 02:45:12","COMMISSION","-7.9E-7","BTC","BTCUSD_260327","93171116798"
"2025-10-04 02:45:12","COMMISSION","-0.00000442","BTC","BTCUSD_260327","93171116801"
"2025-10-04 02:45:12","COMMISSION","-3.1E-7","BTC","BTCUSD_260327","93171116796"
"2025-10-04 02:45:12","COMMISSION","-0.00000805","BTC","BTCUSD_260327","93171116797"
"2025-10-04 02:45:12","COMMISSION","-1.5E-7","BTC","BTCUSD_260327","93171116800"
"2025-10-04 02:45:12","COMMISSION","-7.9E-7","BTC","BTCUSD_260327","93171116794"
"2025-10-04 02:45:12","COMMISSION","-3.1E-7","BTC","BTCUSD_260327","93171116795"
"2025-10-04 02:45:12","COMMISSION","-3.1E-7","BTC","BTCUSD_260327","93171116792"
"2025-10-04 03:11:22","WITHDRAW","-0.30000000","BTC",,"304566195445"
"2025-10-04 03:11:58","DEPOSIT","0.30000000","BTC",,"304566386107"
"2025-10-04 03:12:50","COMMISSION","-0.00001499","BTC","BTCUSD_260327","93171116915"
"2025-10-04 03:12:50","COMMISSION","-1.5E-7","BTC","BTCUSD_260327","93171116914"
"2025-10-04 03:12:50","COMMISSION","-0.00000662","BTC","BTCUSD_260327","93171116913"
"2025-10-04 05:38:22","COMMISSION","-0.00001568","BTC","BTCUSD_260327","93171117686"
"2025-10-04 05:38:30","COMMISSION","-0.00005396","BTC","BTCUSD_260327","93171117690"
"2025-10-04 05:38:30","COMMISSION","-0.00002917","BTC","BTCUSD_260327","93171117687"
"2025-10-04 05:38:50","COMMISSION","-0.00001066","BTC","BTCUSD_260327","93171117691"
"2025-10-04 05:44:40","COMMISSION","-0.00001508","BTC","BTCUSD_260327","93171117729"
"2025-10-04 05:44:41","COMMISSION","-0.00000188","BTC","BTCUSD_260327","93171117731"
"2025-10-04 05:44:41","COMMISSION","-0.00002780","BTC","BTCUSD_260327","93171117730"
"2025-10-04 07:26:18","COMMISSION","-3.1E-7","BTC","BTCUSD_260327","93171118048"
"2025-10-04 07:26:55","COMMISSION","-0.00000786","BTC","BTCUSD_260327","93171118049"
"2025-10-04 07:28:14","COMMISSION","-1.5E-7","BTC","BTCUSD_260327","93171118052"
"2025-10-04 07:39:46","COMMISSION","-0.00000283","BTC","BTCUSD_260327","93171118106"
"2025-10-04 07:40:04","COMMISSION","-0.00000283","BTC","BTCUSD_260327","93171118107"
"2025-10-04 07:40:34","COMMISSION","-0.00000283","BTC","BTCUSD_260327","93171118108"
"2025-10-04 07:40:37","COMMISSION","-0.00003430","BTC","BTCUSD_260327","93171118109"
"2025-10-04 08:45:37","COMMISSION","-0.00001527","BTC","BTCUSD_260327","93171118326"
"2025-10-04 08:45:39","COMMISSION","-0.00001322","BTC","BTCUSD_260327","93171118327"
"2025-10-04 08:46:04","COMMISSION","-0.00003905","BTC","BTCUSD_260327","93171118328"
"2025-10-04 08:46:04","COMMISSION","-0.00000661","BTC","BTCUSD_260327","93171118329"
"2025-10-04 10:52:29","COMMISSION","-1.5E-7","BTC","BTCUSD_260327","93171118698"
"2025-10-04 10:54:56","COMMISSION","-6.3E-7","BTC","BTCUSD_260327","93171118718"
"2025-10-04 10:54:56","COMMISSION","-0.00001040","BTC","BTCUSD_260327","93171118717"
"2025-10-04 10:54:56","COMMISSION","-0.00005027","BTC","BTCUSD_260327","93171118716"
"2025-10-04 10:55:03","COMMISSION","-0.00003010","BTC","BTCUSD_260327","93171118719"
"2025-10-04 15:00:16","COMMISSION","-0.00001231","BTC","BTCUSD_260327","93171119884"
"2025-10-04 15:00:16","COMMISSION","-1.5E-7","BTC","BTCUSD_260327","93171119877"
"2025-10-04 15:00:16","COMMISSION","-0.00000710","BTC","BTCUSD_260327","93171119876"
"2025-10-04 15:00:16","COMMISSION","-0.00000789","BTC","BTCUSD_260327","93171119874"
"2025-10-04 15:00:16","COMMISSION","-0.00000268","BTC","BTCUSD_260327","93171119873"
"2025-10-04 15:00:16","COMMISSION","-3.1E-7","BTC","BTCUSD_260327","93171119875"
"2025-10-04 15:00:16","COMMISSION","-9.4E-7","BTC","BTCUSD_260327","93171119879"
"2025-10-04 15:00:16","COMMISSION","-0.00000568","BTC","BTCUSD_260327","93171119883"
"2025-10-04 15:00:16","COMMISSION","-0.00000647","BTC","BTCUSD_260327","93171119880"
"2025-10-04 15:00:16","COMMISSION","-0.00000678","BTC","BTCUSD_260327","93171119878"
"2025-10-04 15:00:16","COMMISSION","-3.1E-7","BTC","BTCUSD_260327","93171119882"
"2025-10-04 15:00:16","COMMISSION","-0.00000710","BTC","BTCUSD_260327","93171119881"
"2025-10-04 16:42:24","COMMISSION","-0.00001786","BTC","BTCUSD_260327","93171120694"
"2025-10-04 16:48:08","COMMISSION","-0.00001629","BTC","BTCUSD_260327","93171120756"
"2025-10-04 17:19:01","COMMISSION","-0.00000854","BTC","BTCUSD_260327","93171120856"
"2025-10-04 17:19:01","COMMISSION","-0.00001708","BTC","BTCUSD_260327","93171120855"
"2025-10-04 17:41:08","COMMISSION","-0.00001613","BTC","BTCUSD_260327","93171120935"
"2025-10-04 17:51:57","COMMISSION","-0.00000142","BTC","BTCUSD_260327","93171120964"
"2025-10-04 18:33:21","COMMISSION","-0.00001598","BTC","BTCUSD_260327","93171121091"
"2025-10-04 18:35:06","COMMISSION","-0.00001519","BTC","BTCUSD_260327","93171121099"
"2025-10-04 18:36:47","COMMISSION","-0.00001694","BTC","BTCUSD_260327","93171121101"
"2025-10-04 18:54:57","COMMISSION","-0.00000126","BTC","BTCUSD_260327","93171121158"
"2025-10-04 18:55:34","COMMISSION","-0.00001298","BTC","BTCUSD_260327","93171121159"
"2025-10-04 18:55:34","COMMISSION","-0.00000221","BTC","BTCUSD_260327","93171121161"
"2025-10-04 18:55:34","COMMISSION","-0.00000601","BTC","BTCUSD_260327","93171121160"
"2025-10-04 20:50:16","COMMISSION","-0.00003567","BTC","BTCUSD_260327","93171121471"
"2025-10-04 20:50:16","COMMISSION","-0.00000505","BTC","BTCUSD_260327","93171121472"
"2025-10-04 21:47:30","COMMISSION","-0.00000110","BTC","BTCUSD_260327","93171121789"
"2025-10-04 21:47:30","COMMISSION","-7.8E-7","BTC","BTCUSD_260327","93171121788"
"2025-10-04 21:47:30","COMMISSION","-0.00000110","BTC","BTCUSD_260327","93171121784"
"2025-10-04 21:47:30","COMMISSION","-1.5E-7","BTC","BTCUSD_260327","93171121785"
"2025-10-04 21:47:30","COMMISSION","-0.00000614","BTC","BTCUSD_260327","93171121790"
"2025-10-04 21:47:30","COMMISSION","-0.00000346","BTC","BTCUSD_260327","93171121787"
"2025-10-04 21:47:30","COMMISSION","-0.00000283","BTC","BTCUSD_260327","93171121786"
"2025-10-04 21:47:30","COMMISSION","-0.00001056","BTC","BTCUSD_260327","93171121782"
"2025-10-04 21:47:30","COMMISSION","-3.1E-7","BTC","BTCUSD_260327","93171121783"
"2025-10-05 01:22:17","COMMISSION","-0.00001860","BTC","BTCUSD_260327","93171122422"
"2025-10-05 05:15:48","COMMISSION","-1.5E-7","BTC","BTCUSD_260327","93171129741"
"2025-10-05 05:15:48","COMMISSION","-0.00000752","BTC","BTCUSD_260327","93171129738"
"2025-10-05 05:15:48","COMMISSION","-0.00000890","BTC","BTCUSD_260327","93171129740"
"2025-10-05 05:15:48","COMMISSION","-0.00000506","BTC","BTCUSD_260327","93171129737"
"2025-10-05 05:15:48","COMMISSION","-0.00001459","BTC","BTCUSD_260327","93171129742"
"2025-10-05 05:15:48","COMMISSION","-3.0E-7","BTC","BTCUSD_260327","93171129743"
"2025-10-05 05:15:48","COMMISSION","-0.00000276","BTC","BTCUSD_260327","93171129739"
"2025-10-05 05:15:49","COMMISSION","-0.00000215","BTC","BTCUSD_260327","93171129744"
"2025-10-05 05:43:15","COMMISSION","-0.00000814","BTC","BTCUSD_260327","93171130873"
"2025-10-05 05:43:15","COMMISSION","-0.00000491","BTC","BTCUSD_260327","93171130868"
"2025-10-05 05:43:15","COMMISSION","-0.00000307","BTC","BTCUSD_260327","93171130870"
"2025-10-05 05:43:15","COMMISSION","-0.00000768","BTC","BTCUSD_260327","93171130867"
"2025-10-05 05:43:15","COMMISSION","-0.00000783","BTC","BTCUSD_260327","93171130872"
"2025-10-05 05:43:15","COMMISSION","-0.00000307","BTC","BTCUSD_260327","93171130869"
"2025-10-05 05:43:15","COMMISSION","-0.00000445","BTC","BTCUSD_260327","93171130871"
"2025-10-05 05:50:14","COMMISSION","-1.5E-7","BTC","BTCUSD_260327","93171131053"
"2025-10-05 05:50:14","COMMISSION","-0.00001183","BTC","BTCUSD_260327","93171131054"
"2025-10-05 05:50:14","COMMISSION","-9.2E-7","BTC","BTCUSD_260327","93171131051"
"2025-10-05 05:50:14","COMMISSION","-1.5E-7","BTC","BTCUSD_260327","93171131050"
"2025-10-05 05:50:14","COMMISSION","-0.00000491","BTC","BTCUSD_260327","93171131052"
"2025-10-05 05:50:14","COMMISSION","-0.00000691","BTC","BTCUSD_260327","93171131048"
"2025-10-05 05:50:14","COMMISSION","-1.5E-7","BTC","BTCUSD_260327","93171131049"
"2025-10-05 06:13:08","COMMISSION","-0.00002569","BTC","BTCUSD_260327","93171131352"
"2025-10-05 17:34:11","COMMISSION","-0.00002218","BTC","BTCUSD_260327","93171140566"
"2025-10-05 18:08:48","COMMISSION","-0.00000813","BTC","BTCUSD_260327","93171140844"
"2025-10-05 18:08:48","COMMISSION","-0.00001360","BTC","BTCUSD_260327","93171140845"
"2025-10-05 18:09:12","COMMISSION","-3.1E-7","BTC","BTCUSD_260327","93171140847"
"2025-10-05 18:09:14","COMMISSION","-0.00000986","BTC","BTCUSD_260327","93171140848"
"2025-10-05 18:11:46","COMMISSION","-7.8E-7","BTC","BTCUSD_260327","93171140878"
"2025-10-05 18:11:46","COMMISSION","-0.00001549","BTC","BTCUSD_260327","93171140877"
"2025-10-07 03:06:10","COMMISSION","-4.6E-7","BTC","BTCUSD_260327","93171158500"
"2025-10-07 03:06:10","COMMISSION","-4.6E-7","BTC","BTCUSD_260327","93171158502"
"2025-10-07 03:06:10","COMMISSION","-0.00002909","BTC","BTCUSD_260327","93171158497"
"2025-10-07 03:06:10","COMMISSION","-0.00002166","BTC","BTCUSD_260327","93171158499"
"2025-10-07 03:06:10","COMMISSION","-0.00000263","BTC","BTCUSD_260327","93171158501"
"2025-10-07 03:06:11","COMMISSION","-3.0E-7","BTC","BTCUSD_260327","93171158510"
"2025-10-07 03:06:11","COMMISSION","-3.0E-7","BTC","BTCUSD_260327","93171158508"
"2025-10-07 03:06:11","COMMISSION","-0.00000649","BTC","BTCUSD_260327","93171158514"
"2025-10-07 03:06:11","COMMISSION","-3.0E-7","BTC","BTCUSD_260327","93171158503"
"2025-10-07 03:06:11","COMMISSION","-0.00000154","BTC","BTCUSD_260327","93171158509"
"2025-10-07 03:06:11","COMMISSION","-3.0E-7","BTC","BTCUSD_260327","93171158513"
"2025-10-07 03:06:11","COMMISSION","-3.0E-7","BTC","BTCUSD_260327","93171158512"
"2025-10-07 03:06:11","COMMISSION","-3.0E-7","BTC","BTCUSD_260327","93171158507"
"2025-10-07 03:06:11","COMMISSION","-4.6E-7","BTC","BTCUSD_260327","93171158505"
"2025-10-07 03:06:11","COMMISSION","-3.0E-7","BTC","BTCUSD_260327","93171158511"
"2025-10-07 03:06:11","COMMISSION","-3.0E-7","BTC","BTCUSD_260327","93171158506"
"2025-10-07 03:06:11","COMMISSION","-4.6E-7","BTC","BTCUSD_260327","93171158504"
"2025-10-07 03:14:39","COMMISSION","-0.00000386","BTC","BTCUSD_260327","93171158517"
"2025-10-07 03:14:39","COMMISSION","-0.00000169","BTC","BTCUSD_260327","93171158518"
"2025-10-07 03:14:39","COMMISSION","-0.00000525","BTC","BTCUSD_260327","93171158519"
"2025-10-07 03:14:39","COMMISSION","-0.00001220","BTC","BTCUSD_260327","93171158521"
"2025-10-07 03:14:39","COMMISSION","-0.00000386","BTC","BTCUSD_260327","93171158520"
"2025-10-07 03:14:39","COMMISSION","-0.00000200","BTC","BTCUSD_260327","93171158516"
"2025-10-07 03:14:56","COMMISSION","-0.00001097","BTC","BTCUSD_260327","93171158523"
"2025-10-07 03:14:56","COMMISSION","-4.6E-7","BTC","BTCUSD_260327","93171158527"
"2025-10-07 03:14:56","COMMISSION","-0.00001020","BTC","BTCUSD_260327","93171158526"
"2025-10-07 03:14:56","COMMISSION","-0.00000355","BTC","BTCUSD_260327","93171158529"
"2025-10-07 03:14:56","COMMISSION","-0.00000401","BTC","BTCUSD_260327","93171158530"
"2025-10-07 03:14:56","COMMISSION","-9.2E-7","BTC","BTCUSD_260327","93171158524"
"2025-10-07 03:14:56","COMMISSION","-0.00000262","BTC","BTCUSD_260327","93171158525"
"2025-10-07 03:14:56","COMMISSION","-0.00000340","BTC","BTCUSD_260327","93171158528"
"2025-10-07 03:15:37","COMMISSION","-0.00001670","BTC","BTCUSD_260327","93171158546"
"2025-10-07 03:15:38","COMMISSION","-0.00000912","BTC","BTCUSD_260327","93171158547"
"2025-10-07 03:15:39","COMMISSION","-7.7E-7","BTC","BTCUSD_260327","93171158548"
"2025-10-07 03:15:39","COMMISSION","-0.00000479","BTC","BTCUSD_260327","93171158549"
"2025-10-07 03:18:04","COMMISSION","-0.00000526","BTC","BTCUSD_260327","93171158566"
"2025-10-07 03:18:04","COMMISSION","-0.00000541","BTC","BTCUSD_260327","93171158568"
"2025-10-07 03:18:04","COMMISSION","-0.00000789","BTC","BTCUSD_260327","93171158567"
"2025-10-07 03:18:04","COMMISSION","-0.00000603","BTC","BTCUSD_260327","93171158565"
"2025-10-07 03:18:04","COMMISSION","-0.00001470","BTC","BTCUSD_260327","93171158564"
"2025-10-07 03:18:05","COMMISSION","-0.00000479","BTC","BTCUSD_260327","93171158569"
"2025-10-07 03:21:03","COMMISSION","-0.00000386","BTC","BTCUSD_260327","93171158572"
"2025-10-07 03:21:03","COMMISSION","-0.00000262","BTC","BTCUSD_260327","93171158571"
"2025-10-07 03:21:03","COMMISSION","-0.00000139","BTC","BTCUSD_260327","93171158574"
"2025-10-07 03:21:03","COMMISSION","-0.00000170","BTC","BTCUSD_260327","93171158573"
"2025-10-07 03:21:04","COMMISSION","-4.6E-7","BTC","BTCUSD_260327","93171158578"
"2025-10-07 03:21:04","COMMISSION","-7.7E-7","BTC","BTCUSD_260327","93171158589"
"2025-10-07 03:21:04","COMMISSION","-0.00000201","BTC","BTCUSD_260327","93171158593"
"2025-10-07 03:21:04","COMMISSION","-0.00000757","BTC","BTCUSD_260327","93171158580"
"2025-10-07 03:21:04","COMMISSION","-0.00000788","BTC","BTCUSD_260327","93171158585"
"2025-10-07 03:21:04","COMMISSION","-1.5E-7","BTC","BTCUSD_260327","93171158595"
"2025-10-07 03:21:04","COMMISSION","-4.6E-7","BTC","BTCUSD_260327","93171158581"
"2025-10-07 03:21:04","COMMISSION","-3.0E-7","BTC","BTCUSD_260327","93171158590"
"2025-10-07 03:21:04","COMMISSION","-3.0E-7","BTC","BTCUSD_260327","93171158587"
"2025-10-07 03:21:04","COMMISSION","-0.00000262","BTC","BTCUSD_260327","93171158594"
"2025-10-07 03:21:04","COMMISSION","-3.0E-7","BTC","BTCUSD_260327","93171158579"
"2025-10-07 03:21:04","COMMISSION","-3.0E-7","BTC","BTCUSD_260327","93171158584"
"2025-10-07 03:21:04","COMMISSION","-1.5E-7","BTC","BTCUSD_260327","93171158597"
"2025-10-07 03:21:04","COMMISSION","-3.0E-7","BTC","BTCUSD_260327","93171158575"
"2025-10-07 03:21:04","COMMISSION","-3.0E-7","BTC","BTCUSD_260327","93171158592"
"2025-10-07 03:21:04","COMMISSION","-7.7E-7","BTC","BTCUSD_260327","93171158582"
"2025-10-07 03:21:04","COMMISSION","-3.0E-7","BTC","BTCUSD_260327","93171158591"
"2025-10-07 03:21:04","COMMISSION","-9.2E-7","BTC","BTCUSD_260327","93171158588"
"2025-10-07 03:21:04","COMMISSION","-3.0E-7","BTC","BTCUSD_260327","93171158577"
"2025-10-07 03:21:04","COMMISSION","-3.0E-7","BTC","BTCUSD_260327","93171158583"
"2025-10-07 03:21:04","COMMISSION","-0.00000108","BTC","BTCUSD_260327","93171158576"
"2025-10-07 03:21:04","COMMISSION","-0.00000232","BTC","BTCUSD_260327","93171158586"
"2025-10-07 03:21:04","COMMISSION","-0.00000108","BTC","BTCUSD_260327","93171158596"
"2025-10-07 03:22:10","COMMISSION","-0.00003018","BTC","BTCUSD_260327","93171158598"
"2025-10-07 03:24:23","COMMISSION","-1.5E-7","BTC","BTCUSD_260327","93171158602"
"2025-10-07 03:24:24","COMMISSION","-0.00000913","BTC","BTCUSD_260327","93171158604"
"2025-10-07 03:24:24","COMMISSION","-0.00001347","BTC","BTCUSD_260327","93171158603"
"2025-10-07 03:42:44","COMMISSION","-0.00002106","BTC","BTCUSD_260327","93171158681"
"2025-10-07 04:02:33","COMMISSION","-1.5E-7","BTC","BTCUSD_260327","93171158710"
"2025-10-07 04:02:33","COMMISSION","-0.00002462","BTC","BTCUSD_260327","93171158709"
"2025-10-07 04:12:03","COMMISSION","-0.00000372","BTC","BTCUSD_260327","93171158770"
"2025-10-07 04:15:10","COMMISSION","-3.1E-7","BTC","BTCUSD_260327","93171158783"
"2025-10-07 04:15:10","COMMISSION","-3.1E-7","BTC","BTCUSD_260327","93171158780"
"2025-10-07 04:15:10","COMMISSION","-3.1E-7","BTC","BTCUSD_260327","93171158774"
"2025-10-07 04:15:10","COMMISSION","-3.1E-7","BTC","BTCUSD_260327","93171158773"
"2025-10-07 04:15:10","COMMISSION","-3.1E-7","BTC","BTCUSD_260327","93171158786"
"2025-10-07 04:15:10","COMMISSION","-3.1E-7","BTC","BTCUSD_260327","93171158779"
"2025-10-07 04:15:10","COMMISSION","-3.1E-7","BTC","BTCUSD_260327","93171158777"
"2025-10-07 04:15:10","COMMISSION","-3.1E-7","BTC","BTCUSD_260327","93171158781"
"2025-10-07 04:15:10","COMMISSION","-4.6E-7","BTC","BTCUSD_260327","93171158785"
"2025-10-07 04:15:10","COMMISSION","-0.00000139","BTC","BTCUSD_260327","93171158772"
"2025-10-07 04:15:10","COMMISSION","-3.1E-7","BTC","BTCUSD_260327","93171158776"
"2025-10-07 04:15:10","COMMISSION","-3.1E-7","BTC","BTCUSD_260327","93171158782"
"2025-10-07 04:15:10","COMMISSION","-3.1E-7","BTC","BTCUSD_260327","93171158784"
"2025-10-07 04:15:10","COMMISSION","-3.1E-7","BTC","BTCUSD_260327","93171158775"
"2025-10-07 04:15:10","COMMISSION","-6.2E-7","BTC","BTCUSD_260327","93171158778"
"2025-10-07 04:15:11","COMMISSION","-0.00000651","BTC","BTCUSD_260327","93171158787"
"2025-10-07 15:38:45","COMMISSION","-0.00001848","BTC","BTCUSD_260327","93171168602"
"2025-10-07 16:23:46","COMMISSION","-0.00003407","BTC","BTCUSD_260327","93171171328"
"2025-10-07 16:24:45","COMMISSION","-0.00002252","BTC","BTCUSD_260327","93171171418"
"2025-10-07 16:24:45","COMMISSION","-0.00006851","BTC","BTCUSD_260327","93171171417"
"2025-10-08 03:12:35","WITHDRAW","-0.26413013","BTC",,"306427233561"
"2025-10-10 16:20:58","DEPOSIT","0.26416603","BTC",,"307740828952"
"2025-10-10 21:16:43","REALIZED_PNL","-0.02241004","BTC","BTCUSD_251226","931202618177"
"2025-10-10 21:16:43","REALIZED_PNL","-0.00007301","BTC","BTCUSD_251226","931202618167"
"2025-10-10 21:16:43","REALIZED_PNL","-0.00229634","BTC","BTCUSD_251226","931202618192"
"2025-10-10 21:16:43","REALIZED_PNL","-0.00007381","BTC","BTCUSD_251226","931202618187"
"2025-10-10 21:16:43","REALIZED_PNL","-0.02248121","BTC","BTCUSD_251226","931202618183"
"2025-10-10 21:16:43","REALIZED_PNL","-0.00007363","BTC","BTCUSD_251226","931202618181"
"2025-10-10 21:16:43","REALIZED_PNL","-0.00007337","BTC","BTCUSD_251226","931202618173"
"2025-10-10 21:16:43","REALIZED_PNL","-0.00007426","BTC","BTCUSD_251226","931202618196"
"2025-10-10 21:16:43","REALIZED_PNL","-0.00007435","BTC","BTCUSD_251226","931202618197"
"2025-10-10 21:16:43","REALIZED_PNL","-0.00007390","BTC","BTCUSD_251226","931202618189"
"2025-10-10 21:16:43","REALIZED_PNL","-0.02228868","BTC","BTCUSD_251226","931202618168"
"2025-10-10 21:16:43","REALIZED_PNL","-0.02238309","BTC","BTCUSD_251226","931202618175"
"2025-10-10 21:16:43","REALIZED_PNL","-0.00007418","BTC","BTCUSD_251226","931202618195"
"2025-10-10 21:16:43","REALIZED_PNL","-0.00007321","BTC","BTCUSD_251226","931202618171"
"2025-10-10 21:16:43","REALIZED_PNL","-0.00007346","BTC","BTCUSD_251226","931202618176"
"2025-10-10 21:16:43","REALIZED_PNL","-0.00287632","BTC","BTCUSD_251226","931202618186"
"2025-10-10 21:16:43","REALIZED_PNL","-0.00007372","BTC","BTCUSD_251226","931202618184"
"2025-10-10 21:16:43","REALIZED_PNL","-0.00007292","BTC","BTCUSD_251226","931202618166"
"2025-10-10 21:16:43","REALIZED_PNL","-0.02243214","BTC","BTCUSD_251226","931202618178"
"2025-10-10 21:16:43","REALIZED_PNL","-0.00145339","BTC","BTCUSD_251226","931202618163"
"2025-10-10 21:16:43","REALIZED_PNL","-0.02257940","BTC","BTCUSD_251226","931202618191"
"2025-10-10 21:16:43","REALIZED_PNL","-0.00007417","BTC","BTCUSD_251226","931202618194"
"2025-10-10 21:16:43","REALIZED_PNL","-0.00542988","BTC","BTCUSD_251226","931202618174"
"2025-10-10 21:16:43","REALIZED_PNL","-0.13323770","BTC","BTCUSD_251226","931202618198"
"2025-10-10 21:16:43","REALIZED_PNL","-0.00007283","BTC","BTCUSD_251226","931202618164"
"2025-10-10 21:16:43","REALIZED_PNL","-0.00007310","BTC","BTCUSD_251226","931202618169"
"2025-10-10 21:16:43","REALIZED_PNL","-0.00007399","BTC","BTCUSD_251226","931202618190"
"2025-10-10 21:16:43","REALIZED_PNL","-0.00364517","BTC","BTCUSD_251226","931202618165"
"2025-10-10 21:16:43","REALIZED_PNL","-0.00007369","BTC","BTCUSD_251226","931202618182"
"2025-10-10 21:16:43","REALIZED_PNL","-0.02253030","BTC","BTCUSD_251226","931202618188"
"2025-10-10 21:16:43","REALIZED_PNL","-0.00007319","BTC","BTCUSD_251226","931202618170"
"2025-10-10 21:16:43","REALIZED_PNL","-0.00073729","BTC","BTCUSD_251226","931202618185"
"2025-10-10 21:16:43","REALIZED_PNL","-0.00286936","BTC","BTCUSD_251226","931202618180"
"2025-10-10 21:16:43","REALIZED_PNL","-0.00007408","BTC","BTCUSD_251226","931202618193"
"2025-10-10 21:16:43","REALIZED_PNL","-0.00007328","BTC","BTCUSD_251226","931202618172"
"2025-10-10 21:16:43","REALIZED_PNL","-0.00007355","BTC","BTCUSD_251226","931202618179"
"2025-10-10 21:16:43","INSURANCE_CLEAR","-0.03758387","BTC","BTCUSD_251226","1029140447273410560"
"2025-10-10 21:16:57","REALIZED_PNL","-0.00008129","BTC","BTCUSD_251226","931202618609"
"2025-10-10 21:16:57","REALIZED_PNL","-0.00128745","BTC","BTCUSD_251226","931202618599"
"2025-10-10 21:16:57","REALIZED_PNL","-0.00008006","BTC","BTCUSD_251226","931202618596"
"2025-10-10 21:16:57","REALIZED_PNL","-0.00039916","BTC","BTCUSD_251226","931202618590"
"2025-10-10 21:16:57","REALIZED_PNL","-0.00008302","BTC","BTCUSD_251226","931202618629"
"2025-10-10 21:16:57","REALIZED_PNL","-0.00032834","BTC","BTCUSD_251226","931202618618"
"2025-10-10 21:16:57","REALIZED_PNL","-0.01983402","BTC","BTCUSD_251226","931202618627"
"2025-10-10 21:16:57","REALIZED_PNL","-0.00008102","BTC","BTCUSD_251226","931202618604"
"2025-10-10 21:16:57","REALIZED_PNL","-0.00097354","BTC","BTCUSD_251226","931202618607"
"2025-10-10 21:16:57","REALIZED_PNL","-0.00007988","BTC","BTCUSD_251226","931202618593"
"2025-10-10 21:16:57","REALIZED_PNL","-0.17396309","BTC","BTCUSD_251226","931202618626"
"2025-10-10 21:16:57","REALIZED_PNL","-0.00024080","BTC","BTCUSD_251226","931202618597"
"2025-10-10 21:16:57","REALIZED_PNL","-0.00008182","BTC","BTCUSD_251226","931202618614"
"2025-10-10 21:16:57","REALIZED_PNL","-0.00103438","BTC","BTCUSD_251226","931202618587"
"2025-10-10 21:16:57","REALIZED_PNL","-0.00065849","BTC","BTCUSD_251226","931202618621"
"2025-10-10 21:16:57","REALIZED_PNL","-0.14479664","BTC","BTCUSD_251226","931202618591"
"2025-10-10 21:16:57","REALIZED_PNL","-0.00041043","BTC","BTCUSD_251226","931202618617"
"2025-10-10 21:16:57","REALIZED_PNL","-0.26149317","BTC","BTCUSD_251226","931202618611"
"2025-10-10 21:16:57","REALIZED_PNL","-0.00008217","BTC","BTCUSD_251226","931202618619"
"2025-10-10 21:16:57","REALIZED_PNL","-0.00015948","BTC","BTCUSD_251226","931202618589"
"2025-10-10 21:16:57","REALIZED_PNL","-0.00008045","BTC","BTCUSD_251226","931202618598"
"2025-10-10 21:16:57","REALIZED_PNL","-0.00007956","BTC","BTCUSD_251226","931202618588"
"2025-10-10 21:16:57","REALIZED_PNL","-0.00008087","BTC","BTCUSD_251226","931202618603"
"2025-10-10 21:16:57","REALIZED_PNL","-0.02909391","BTC","BTCUSD_251226","931202618580"
"2025-10-10 21:16:57","INSURANCE_CLEAR","-0.03321403","BTC","BTCUSD_251226","1029140506723475456"
"2025-10-10 21:16:57","REALIZED_PNL","-0.00080644","BTC","BTCUSD_251226","931202618602"
"2025-10-10 21:16:57","REALIZED_PNL","-0.00008055","BTC","BTCUSD_251226","931202618601"
"2025-10-10 21:16:57","REALIZED_PNL","-0.26314198","BTC","BTCUSD_251226","931202618620"
"2025-10-10 21:16:57","REALIZED_PNL","-0.00072922","BTC","BTCUSD_251226","931202618605"
"2025-10-10 21:16:57","REALIZED_PNL","-0.00007927","BTC","BTCUSD_251226","931202618581"
"2025-10-10 21:16:57","REALIZED_PNL","-0.00008273","BTC","BTCUSD_251226","931202618625"
"2025-10-10 21:16:57","REALIZED_PNL","-0.00007945","BTC","BTCUSD_251226","931202618586"
"2025-10-10 21:16:57","REALIZED_PNL","-0.00973093","BTC","BTCUSD_251226","931202618613"
"2025-10-10 21:16:57","REALIZED_PNL","-0.00151794","BTC","BTCUSD_251226","931202618595"
"2025-10-10 21:16:57","REALIZED_PNL","-0.00048279","BTC","BTCUSD_251226","931202618600"
"2025-10-10 21:16:57","REALIZED_PNL","-0.00007931","BTC","BTCUSD_251226","931202618583"
"2025-10-10 21:16:57","REALIZED_PNL","-0.00143774","BTC","BTCUSD_251226","931202618592"
"2025-10-10 21:16:57","REALIZED_PNL","-0.00008203","BTC","BTCUSD_251226","931202618615"
"2025-10-10 21:16:57","REALIZED_PNL","-0.00055516","BTC","BTCUSD_251226","931202618582"
"2025-10-10 21:16:57","REALIZED_PNL","-0.00135800","BTC","BTCUSD_251226","931202618594"
"2025-10-10 21:16:57","REALIZED_PNL","-0.00008154","BTC","BTCUSD_251226","931202618610"
"2025-10-10 21:16:57","REALIZED_PNL","-0.00132128","BTC","BTCUSD_251226","931202618623"
"2025-10-10 21:16:57","REALIZED_PNL","-0.00007936","BTC","BTCUSD_251226","931202618584"
"2025-10-10 21:16:57","REALIZED_PNL","-0.00063511","BTC","BTCUSD_251226","931202618585"
"2025-10-10 21:16:57","REALIZED_PNL","-0.00008176","BTC","BTCUSD_251226","931202618612"
"2025-10-10 21:16:57","REALIZED_PNL","-0.00108111","BTC","BTCUSD_251226","931202618630"
"2025-10-10 21:16:57","REALIZED_PNL","-0.00008205","BTC","BTCUSD_251226","931202618616"
"2025-10-10 21:16:57","REALIZED_PNL","-0.00008104","BTC","BTCUSD_251226","931202618606"
"2025-10-10 21:16:57","REALIZED_PNL","-0.00016237","BTC","BTCUSD_251226","931202618608"
"2025-10-10 21:16:57","REALIZED_PNL","-0.14765521","BTC","BTCUSD_251226","931202618624"
"2025-10-10 21:16:57","REALIZED_PNL","-0.00074713","BTC","BTCUSD_251226","931202618628"
"2025-10-10 21:16:57","REALIZED_PNL","-0.00008253","BTC","BTCUSD_251226","931202618622"
"2025-10-10 21:16:57","REALIZED_PNL","-0.00096846","BTC","BTCUSD_260327","93170243932"
"2025-10-10 21:16:57","REALIZED_PNL","-0.00076041","BTC","BTCUSD_260327","93170243911"
"2025-10-10 21:16:57","REALIZED_PNL","-0.00009619","BTC","BTCUSD_260327","93170243927"
"2025-10-10 21:16:57","REALIZED_PNL","-0.00303857","BTC","BTCUSD_260327","93170243910"
"2025-10-10 21:16:57","REALIZED_PNL","-0.00009540","BTC","BTCUSD_260327","93170243915"
"2025-10-10 21:16:57","REALIZED_PNL","-0.00009547","BTC","BTCUSD_260327","93170243916"
"2025-10-10 21:16:57","REALIZED_PNL","-0.00009549","BTC","BTCUSD_260327","93170243917"
"2025-10-10 21:16:57","REALIZED_PNL","-0.00324720","BTC","BTCUSD_260327","93170243945"
"2025-10-10 21:16:57","REALIZED_PNL","-0.00009522","BTC","BTCUSD_260327","93170243913"
"2025-10-10 21:16:57","REALIZED_PNL","-0.00039162","BTC","BTCUSD_260327","93170243942"
"2025-10-10 21:16:57","REALIZED_PNL","-0.00009763","BTC","BTCUSD_260327","93170243939"
"2025-10-10 21:16:57","REALIZED_PNL","-0.00009558","BTC","BTCUSD_260327","93170243918"
"2025-10-10 21:16:57","REALIZED_PNL","-0.00009772","BTC","BTCUSD_260327","93170243941"
"2025-10-10 21:16:57","REALIZED_PNL","-0.00009817","BTC","BTCUSD_260327","93170243943"
"2025-10-10 21:16:57","REALIZED_PNL","-0.00009707","BTC","BTCUSD_260327","93170243934"
"2025-10-10 21:16:57","REALIZED_PNL","-0.00093883","BTC","BTCUSD_260327","93170243904"
"2025-10-10 21:16:57","REALIZED_PNL","-0.00315408","BTC","BTCUSD_260327","93170243947"
"2025-10-10 21:16:57","REALIZED_PNL","-0.00009602","BTC","BTCUSD_260327","93170243926"
"2025-10-10 21:16:57","REALIZED_PNL","-0.00097631","BTC","BTCUSD_260327","93170243938"
"2025-10-10 21:16:57","REALIZED_PNL","-0.00009531","BTC","BTCUSD_260327","93170243914"
"2025-10-10 21:16:57","REALIZED_PNL","-0.00010028","BTC","BTCUSD_260327","93170243962"
"2025-10-10 21:16:57","INSURANCE_CLEAR","-0.01346884","BTC","BTCUSD_260327","1029140506715086848"
"2025-10-10 21:16:57","REALIZED_PNL","-0.00037879","BTC","BTCUSD_260327","93170243907"
"2025-10-10 21:16:57","REALIZED_PNL","-0.00009593","BTC","BTCUSD_260327","93170243925"
"2025-10-10 21:16:57","REALIZED_PNL","-0.00009592","BTC","BTCUSD_260327","93170243924"
"2025-10-10 21:16:57","REALIZED_PNL","-0.00279557","BTC","BTCUSD_260327","93170243958"
"2025-10-10 21:16:57","REALIZED_PNL","-0.00029800","BTC","BTCUSD_260327","93170243953"
"2025-10-10 21:16:57","REALIZED_PNL","-0.00280726","BTC","BTCUSD_260327","93170243961"
"2025-10-10 21:16:57","REALIZED_PNL","-0.00028770","BTC","BTCUSD_260327","93170243923"
"2025-10-10 21:16:57","REALIZED_PNL","-0.00009953","BTC","BTCUSD_260327","93170243956"
"2025-10-10 21:16:57","REALIZED_PNL","-0.00108820","BTC","BTCUSD_260327","93170243951"
"2025-10-10 21:16:57","REALIZED_PNL","-0.00009682","BTC","BTCUSD_260327","93170243931"
"2025-10-10 21:16:57","REALIZED_PNL","-0.00009519","BTC","BTCUSD_260327","93170243912"
"2025-10-10 21:16:57","REALIZED_PNL","-0.00086706","BTC","BTCUSD_260327","93170243929"
"2025-10-10 21:16:57","REALIZED_PNL","-0.00039806","BTC","BTCUSD_260327","93170243955"
"2025-10-10 21:16:57","REALIZED_PNL","-0.00039448","BTC","BTCUSD_260327","93170243949"
"2025-10-10 21:16:57","REALIZED_PNL","-0.00009862","BTC","BTCUSD_260327","93170243950"
"2025-10-10 21:16:57","REALIZED_PNL","-0.00009908","BTC","BTCUSD_260327","93170243952"
"2025-10-10 21:16:57","REALIZED_PNL","-0.00099818","BTC","BTCUSD_260327","93170243957"
"2025-10-10 21:16:57","REALIZED_PNL","-0.00312813","BTC","BTCUSD_260327","93170243908"
"2025-10-10 21:16:57","REALIZED_PNL","-0.07388875","BTC","BTCUSD_260327","93170243903"
"2025-10-10 21:16:57","REALIZED_PNL","-0.00028257","BTC","BTCUSD_260327","93170243905"
"2025-10-10 21:16:57","REALIZED_PNL","-0.00946239","BTC","BTCUSD_260327","93170243906"
"2025-10-10 21:16:57","REALIZED_PNL","-0.00009688","BTC","BTCUSD_260327","93170243933"
"2025-10-10 21:16:57","REALIZED_PNL","-0.00315144","BTC","BTCUSD_260327","93170243946"
"2025-10-10 21:16:57","REALIZED_PNL","-0.00029285","BTC","BTCUSD_260327","93170243936"
"2025-10-10 21:16:57","REALIZED_PNL","-0.00009727","BTC","BTCUSD_260327","93170243935"
"2025-10-10 21:16:57","REALIZED_PNL","-0.00497349","BTC","BTCUSD_260327","93170243954"
"2025-10-10 21:16:57","REALIZED_PNL","-0.00038520","BTC","BTCUSD_260327","93170243928"
"2025-10-10 21:16:57","REALIZED_PNL","-0.00009637","BTC","BTCUSD_260327","93170243930"
"2025-10-10 21:16:57","REALIZED_PNL","-0.00009575","BTC","BTCUSD_260327","93170243920"
"2025-10-10 21:16:57","REALIZED_PNL","-0.00038346","BTC","BTCUSD_260327","93170243922"
"2025-10-10 21:16:57","REALIZED_PNL","-0.11442440","BTC","BTCUSD_260327","93170243937"
"2025-10-10 21:16:57","REALIZED_PNL","-0.00009584","BTC","BTCUSD_260327","93170243921"
"2025-10-10 21:16:57","REALIZED_PNL","-0.11081202","BTC","BTCUSD_260327","93170243940"
"2025-10-10 21:16:57","REALIZED_PNL","-0.00009998","BTC","BTCUSD_260327","93170243959"
"2025-10-10 21:16:57","REALIZED_PNL","-0.00009566","BTC","BTCUSD_260327","93170243919"
"2025-10-10 21:16:57","REALIZED_PNL","-0.00303596","BTC","BTCUSD_260327","93170243909"
"2025-10-10 21:16:57","REALIZED_PNL","-0.74280560","BTC","BTCUSD_260327","93170243963"
"2025-10-10 21:16:57","REALIZED_PNL","-0.00009858","BTC","BTCUSD_260327","93170243948"
"2025-10-10 21:16:57","REALIZED_PNL","-0.00120272","BTC","BTCUSD_260327","93170243960"
"2025-10-10 21:16:57","REALIZED_PNL","-0.00049089","BTC","BTCUSD_260327","93170243944"
